Actvitiy,Description,Cluster,Cluster_Name
Bicycling,"Bicycling, mountain, competitive racing",11,Bicycling / Transportation
Bicycling,"Bicycling, BMX",11,Bicycling / Transportation
Bicycling,"Bicycling, mountain, general",11,Bicycling / Transportation
Bicycling,"Bicycling, <10 mph, leisure, to work or for pleasure (Taylor Code 115)",11,Bicycling / Transportation
Bicycling,"Bicycling, to/from work, self selected pace",11,Bicycling / Transportation
Bicycling,"Bicycling, on dirt or farm road, moderate pace",11,Bicycling / Transportation
Bicycling,"Bicycling, general",11,Bicycling / Transportation
Bicycling,"Bicycling, self-selected easy pace",11,Bicycling / Transportation
Bicycling,"Bicycling, self-selected moderate pace",11,Bicycling / Transportation
Bicycling,"Bicycling, self-selected vigorous pace",11,Bicycling / Transportation
Bicycling,"Bicycling, leisure 5.5 mph",11,Bicycling / Transportation
Bicycling,"Bicycling, leisure, 9.4 mph",11,Bicycling / Transportation
Bicycling,"Bicycling, 10-11.9 mph, leisure, slow, light effort",11,Bicycling / Transportation
Bicycling,"Bicycling, 12-13.9 mph, leisure, moderate effort",11,Bicycling / Transportation
Bicycling,"Bicycling, 14-15.9 mph, racing or leisure, fast, vigorous effort",11,Bicycling / Transportation
Bicycling,"Bicycling, 16-19 mph, racing/not drafting or >19 mph drafting, very fast, racing general",11,Bicycling / Transportation
Bicycling,"Bicycling, >20 mph, racing, not drafting",11,Bicycling / Transportation
Bicycling,"Bicycling, 12 mph, seated, hands on brake hoods or bar drops, 80 rpm",11,Bicycling / Transportation
Bicycling,"Bicycling, 12 mph, standing, hands on brake hoods, 60 rpm",11,Bicycling / Transportation
Bicycling,Unicycling,11,Bicycling / Transportation
Bicycling,E-bike (electrically assisted) without electronic support,11,Bicycling / Transportation
Bicycling,E-bike (electrically assisted) with light electronic support,11,Bicycling / Transportation
Bicycling,E-bike (electrically assisted) with high electronic support,11,Bicycling / Transportation
Bicycling,"Bicycling, stationary, general",11,Bicycling / Transportation
Bicycling,"Bicycling, stationary, 25-30 watts, very light to light effort",11,Bicycling / Transportation
Bicycling,"Bicycling, stationary, 50 watts, light effort",11,Bicycling / Transportation
Bicycling,"Bicycling, stationary, 60 watts, light to moderate effort",11,Bicycling / Transportation
Bicycling,"Bicycling, stationary, 70-80 watts",11,Bicycling / Transportation
Bicycling,"Bicycling, stationary, 90-100 watts,  moderate to vigorous",11,Bicycling / Transportation
Bicycling,"Bicycling, stationary, 101-125 watts",11,Bicycling / Transportation
Bicycling,"Bicycling, stationary, 126-150 watts",11,Bicycling / Transportation
Bicycling,"Bicycling, stationary, 151-199 watts",11,Bicycling / Transportation
Bicycling,"Bicycling, stationary, 200-229 watts, vigorous",11,Bicycling / Transportation
Bicycling,"Bicycling, stationary, 230-250 watts, very vigorous",11,Bicycling / Transportation
Bicycling,"Bicycling, stationary, 270-305 watts, very vigorous",11,Bicycling / Transportation
Bicycling,"Bicycling, stationary, >325 watts, very vigorous",11,Bicycling / Transportation
Bicycling,"Bicycling, concentric only, 100 W",11,Bicycling / Transportation
Bicycling,"Bicycling, concentric only, 200 W",11,Bicycling / Transportation
Bicycling,"Bicycling, eccentric only, 100 to 149 W",11,Bicycling / Transportation
Bicycling,"Bicycling, eccentric only, 200 W2024 Adult Compendium of Physical Activities",11,Bicycling / Transportation
Bicycling,"Bicycling, stationary, RPM/Spin bike class",11,Bicycling / Transportation
Bicycling,"Bicycling, interactive virtual cycling, indoor cycle ergometer",11,Bicycling / Transportation
Bicycling,"Bicycling, high intensity interval training",11,Bicycling / Transportation
Conditioning Exercise,"Aerobic, general",2,Conditioning Exercise
Conditioning Exercise,"Aerobic, step, with 4-inch step",2,Conditioning Exercise
Conditioning Exercise,"Aerobic, step, with 6 – 8 inch step",2,Conditioning Exercise
Conditioning Exercise,"Aerobic, step, with 10 – 12 inch step",2,Conditioning Exercise
Conditioning Exercise,"Bench step class, general",2,Conditioning Exercise
Conditioning Exercise,"Aerobic dance, low impact, moderate effort",2,Conditioning Exercise
Conditioning Exercise,"Aerobic dance, high impact, vigorous effort",2,Conditioning Exercise
Conditioning Exercise,Aerobic dance wearing 10-15 lb weights,2,Conditioning Exercise
Conditioning Exercise,"Army type obstacle course exercise, boot camp training program",2,Conditioning Exercise
Conditioning Exercise,"Calisthenics (e.g., pushups, sit ups, pull-ups, jumping jacks, burpees, battling ropes), vigorous effort",2,Conditioning Exercise
Conditioning Exercise,"Calisthenics (e.g., pushups, sit ups, pull-ups, lunges), moderate effort",2,Conditioning Exercise
Conditioning Exercise,"Calisthenics (e.g., curl ups, abdominal crunches, plank),  light effort",2,Conditioning Exercise
Conditioning Exercise,"Calisthenics, light or moderate effort, general (e.g., back exercises), going up & down from floor (Taylor Code 150)",2,Conditioning Exercise
Conditioning Exercise,"Circuit training, body weight exercises",2,Conditioning Exercise
Conditioning Exercise,"Circuit training, light effort",2,Conditioning Exercise
Conditioning Exercise,"Circuit training, moderate effort",2,Conditioning Exercise
Conditioning Exercise,"Circuit training, including kettlebells, some aerobic movement with minimal rest, general, vigorous intensity",2,Conditioning Exercise
Conditioning Exercise,Curves™ exercise routines in women,2,Conditioning Exercise
Conditioning Exercise,"Elliptical trainer, moderate effort",2,Conditioning Exercise
Conditioning Exercise,"Elliptical trainer, vigorous effort",2,Conditioning Exercise
Conditioning Exercise,"Resistance (weight lifting - free weight, nautilus or universal-type), power lifting or body building, vigorous effort (Taylor Code",2,Conditioning Exercise
Conditioning Exercise,"Resistance (weight lifting - free weight, nautilus or universal-type), power lifting or body building, vigorous effort (Taylor Code  210)",2,Conditioning Exercise
Conditioning Exercise,"Resistance (weight) training, squats, deadlift, slow or explosive effort",2,Conditioning Exercise
Conditioning Exercise,"Resistance (weight) training, multiple exercises, 8-15 reps at varied resistance",2,Conditioning Exercise
Conditioning Exercise,"Resistance Training, circuit, reciprocol supersets, peripheral hear action training",2,Conditioning Exercise
Conditioning Exercise,"Body weight resistance exercises (e.g., squat, lunge, push-up, crunch), general",2,Conditioning Exercise
Conditioning Exercise,"Body weight resistance exercises (e.g., squat, lunge, push-up, crunch), high intensity",2,Conditioning Exercise
Conditioning Exercise,Kettle bell swings,2,Conditioning Exercise
Conditioning Exercise,"Health club exercise, general (Taylor Code 160)",2,Conditioning Exercise
Conditioning Exercise,"Health club exercise classes general, gym/weight training combined in one visit",2,Conditioning Exercise
Conditioning Exercise,"Health club exercise, conditioning classes",2,Conditioning Exercise
Conditioning Exercise,"Home exercise, general",2,Conditioning Exercise
Conditioning Exercise,"Stair treadmill ergometer, general",2,Conditioning Exercise
Conditioning Exercise,"Rope skipping exercise, general",2,Conditioning Exercise
Conditioning Exercise,"Jumping rope, Digi-Jump Maching, 120 jumps/minute",2,Conditioning Exercise
Conditioning Exercise,"Rowing, stationary ergometer, general, vigorous effort",2,Conditioning Exercise
Conditioning Exercise,"Rowing, stationary ergometer, general, <100 watts,  moderate effort",2,Conditioning Exercise
Conditioning Exercise,"Rowing, stationary, 100 to 149 watts, vigorous effort",2,Conditioning Exercise
Conditioning Exercise,"Rowing, stationary, 150 to 199 watts, vigorous effort",2,Conditioning Exercise
Conditioning Exercise,"Rowing, stationary, ≥ 200 watts, very vigorous effort",2,Conditioning Exercise
Conditioning Exercise,"Shuttle running, forward/backward/lateral",2,Conditioning Exercise
Conditioning Exercise,"Ski machine, general",2,Conditioning Exercise
Conditioning Exercise,"Ski ergometer, cross country, double poling, slow to moderate speed",2,Conditioning Exercise
Conditioning Exercise,"Ski ergometer, cross country, double poling, fast to maximum speed",2,Conditioning Exercise
Conditioning Exercise,"Slide board exercise, general",2,Conditioning Exercise
Conditioning Exercise,"Slimnastics, jazzercise",2,Conditioning Exercise
Conditioning Exercise,"Stretching, mild",2,Conditioning Exercise
Conditioning Exercise,"Pilates, traditional, mat",2,Conditioning Exercise
Conditioning Exercise,"Pilates, general",2,Conditioning Exercise
Conditioning Exercise,"Pound, combination of Pilates and body movements with drumming",2,Conditioning Exercise
Conditioning Exercise,"Pole dancing, exercise class",2,Conditioning Exercise
Conditioning Exercise,"Teaching exercise classes (e.g., aerobic, water)",2,Conditioning Exercise
Conditioning Exercise,"Therapeutic exercise ball, Fitball exercise",2,Conditioning Exercise
Conditioning Exercise,"Therapeutic exercise ball, Fitball exercise, high intensity",2,Conditioning Exercise
Conditioning Exercise,"Upper body exercise, arm ergometer, general, light",2,Conditioning Exercise
Conditioning Exercise,"Arm Ergometer, hand bike, 15W",2,Conditioning Exercise
Conditioning Exercise,"Arm Ergometer, hand bike, 25-30W",2,Conditioning Exercise
Conditioning Exercise,"Arm Ergometer, hand bike, 45W",2,Conditioning Exercise
Conditioning Exercise,"Upper body exercise, stationary bicycle - Airdyne (arms only) 40 rpm, moderate intensity",2,Conditioning Exercise
Conditioning Exercise,"Water aerobics, water calisthenics, water exercise",2,Conditioning Exercise
Conditioning Exercise,"Whirlpool, sitting",2,Conditioning Exercise
Conditioning Exercise,"Video, exercise workouts, TV conditioning programs (e.g., yoga, stretching, seated), light effort",2,Conditioning Exercise
Conditioning Exercise,"Video, exercise workouts, TV conditioning programs (e.g., cardio-resistance training), moderate",2,Conditioning Exercise
Conditioning Exercise,"Video, exercise workouts, TV conditioning programs (e.g., cardio-resistance training), vigorous",2,Conditioning Exercise
Conditioning Exercise,"Yoga, Hatha",2,Conditioning Exercise
Conditioning Exercise,"Yoga, Hatha, high intensity",2,Conditioning Exercise
Conditioning Exercise,"Yoga, Hot",2,Conditioning Exercise
Conditioning Exercise,"Yoga, Power",2,Conditioning Exercise
Conditioning Exercise,"Yoga, Nadisodhana",2,Conditioning Exercise
Conditioning Exercise,"Yoga, General",2,Conditioning Exercise
Conditioning Exercise,"Yoga, Surya Namaskar",2,Conditioning Exercise
Conditioning Exercise,"Yoga, Vinyasa",2,Conditioning Exercise
Conditioning Exercise,"Native New Zealander PA, (e.g., Haka Powhiri, Poi, Moteatea, etc.), general moderate effort",2,Conditioning Exercise
Conditioning Exercise,"Native New Zealander PA, general, vigorous effort",2,Conditioning Exercise
Conditioning Exercise,"High intensity interval exercise,  moderate effort",2,Conditioning Exercise
Conditioning Exercise,"High intensity interval exercise,  burpees, mountain climbers, squat jumps, Tabata, vigorous effort",2,Conditioning Exercise
Conditioning Exercise,"Balance Exercise Assist Robot (BEAR), simulated skiing, tennis, rodeo",2,Conditioning Exercise
Conditioning Exercise,Hooping (formerly known as hula® hooping),2,Conditioning Exercise
Conditioning Exercise,"Impulse Training System, Inertial Exercise Trainer",2,Conditioning Exercise
Conditioning Exercise,"Virtual Reality Fitness,  Supernatural™ “Flow”, “Boxing"" vigorous intensity",2,Conditioning Exercise
Conditioning Exercise,"ExerCube, workout series",2,Conditioning Exercise
Conditioning Exercise,"Blackbox Immersive virtual reality exergaming system, vigorous intensity",2,Conditioning Exercise
Conditioning Exercise,"Wand exercise, Life-Build-Line",2,Conditioning Exercise
Conditioning Exercise,"Zumba, group class",2,Conditioning Exercise
Conditioning Exercise,"Zumba, home video",2,Conditioning Exercise
Conditioning Exercise,"Sit to stand exercise, 6-12 times/min",2,Conditioning Exercise
Conditioning Exercise,"Sit to stand exercise, 18-24 times/min",2,Conditioning Exercise
Dancing,"Afro-Cuban salsa (Cuban cha-cha-cha, mambo, Afro rumba, contratiempo son steps, orisha/santo movements)",10,Dancing
Dancing,"Ballet, modern, or jazz general, rehearsal or class",10,Dancing
Dancing,"Ballet exercises (plie, tendus, jetes, rond de Jambes, fondus, grand battement, grand adage, sautes, temp Leve's)",10,Dancing
Dancing,"Ballet, modern, or jazz, performance, vigorous effort",10,Dancing
Dancing,Tap,10,Dancing
Dancing,"Ethnic or cultural dancing (e.g. Greek, Middle Eastern, hula, salsa, merengue, bamba y plena,  flamenco, belly, and swing)",10,Dancing
Dancing,"Chinese square dance, Ballet & Tibetan dance",10,Dancing
Dancing,"Chinese square dance, aerobic dance",10,Dancing
Dancing,"Ballroom dancing, fast (Taylor Code 125)",10,Dancing
Dancing,"Nightclub or folk dancing, vigorous effort (e.g., nightclub, disco, folk, line dancing, Irish step dancing, polka, contra)",10,Dancing
Dancing,"Folk dancing, moderate effort",10,Dancing
Dancing,"Ballroom dancing, competitive, general",10,Dancing
Dancing,"ballroom dance, DanceSport competition (modern waltz, tango, Viennese waltz, slow fox, quick step, samba, chacha, rumba,",10,Dancing
Dancing,"ballroom dance, DanceSport competition (modern waltz, tango, Viennese waltz, slow fox, quick step, samba, chacha, rumba,  paso doble, jive)",10,Dancing
Dancing,"Ballroom, slow, examples: waltz, foxtrot, slow dancing, samba tango, rumba, 19th century dance, mambo, cha cha",10,Dancing
Dancing,"Ballroom Dance, Recreational (Waltz, Foxtrot, Cha-cha, Swing)",10,Dancing
Dancing,"Anishinaabe Jingle dancing, brisk pace, other traditional American Indian dancing performed by women, moderate effort",10,Dancing
Dancing,"Caribbean dance (Abakua, Beguine, Bellair, Bongo, Brukin’s, Caribbean Quadrills, Dinki  Mini, Gere, Gumbay, Ibo, Jonkonnu,",10,Dancing
Dancing,"Caribbean dance (Abakua, Beguine, Bellair, Bongo, Brukin’s, Caribbean Quadrills, Dinki  Mini, Gere, Gumbay, Ibo, Jonkonnu,  Kumina,  Oreisha, Jambu)",10,Dancing
Dancing,"Contemporary dancing, general",10,Dancing
Dancing,"Contemporary dancing, nightclub",10,Dancing
Dancing,Flamenco dance,10,Dancing
Dancing,"Jazz dancing, general",10,Dancing
Dancing,"Musical Theater, Singing/dancing",10,Dancing
Dancing,"Polynesian dance, Hawaiian hula slow, Maori haka, Tongan",10,Dancing
Dancing,"Polynesian dance, Hawaiian hula fast, Samoan sasa, Fijian style fast, Filipino Tinikling",10,Dancing
Dancing,"Polynesian dance, Samoan slap, Tahitian",10,Dancing
Dancing,"Salsa Dancing, with partner",10,Dancing
Dancing,"Salsa dancing, to a video",10,Dancing
Dancing,"Square Dancing, American Western, country",10,Dancing
Fishing & Hunting,"Fishing, general",8,Fishing & Hunting
Fishing & Hunting,"Fishing, crab fishing",8,Fishing & Hunting
Fishing & Hunting,"Fishing, catching fish with hands",8,Fishing & Hunting
Fishing & Hunting,"Fishing related, digging worms, with shovel",8,Fishing & Hunting
Fishing & Hunting,Fishing from river bank and walking,8,Fishing & Hunting
Fishing & Hunting,"Fishing from boat or canoe, sitting",8,Fishing & Hunting
Fishing & Hunting,"Fishing from river bank, standing (Taylor Code 660)",8,Fishing & Hunting
Fishing & Hunting,"Fishing in stream, in waders (Taylor Code 670)",8,Fishing & Hunting
Fishing & Hunting,"Fishing, ice, sitting",8,Fishing & Hunting
Fishing & Hunting,"Fishing, jig or line, standing, general",8,Fishing & Hunting
Fishing & Hunting,"Fishing, dip net, setting net and retrieving fish, general",8,Fishing & Hunting
Fishing & Hunting,"Fishing, set net, setting net and retrieving fish, general",8,Fishing & Hunting
Fishing & Hunting,"Fishing, fishing wheel, setting net and retrieving fish, general",8,Fishing & Hunting
Fishing & Hunting,"Fishing with a spear, standing",8,Fishing & Hunting
Fishing & Hunting,"Hunting, bow and arrow or crossbow",8,Fishing & Hunting
Fishing & Hunting,"Hunting, deer, elk, large game (Taylor Code 170)",8,Fishing & Hunting
Fishing & Hunting,"Hunting large game, dragging carcass",8,Fishing & Hunting
Fishing & Hunting,Hunting large marine animals,8,Fishing & Hunting
Fishing & Hunting,"Hunting, large game from a hunting stand, limited walking",8,Fishing & Hunting
Fishing & Hunting,"Hunting large game from a car, plane, or boat",8,Fishing & Hunting
Fishing & Hunting,"Hunting, duck, wading",8,Fishing & Hunting
Fishing & Hunting,"Hunting flying fox, squirrel",8,Fishing & Hunting
Fishing & Hunting,"Hunting, general",8,Fishing & Hunting
Fishing & Hunting,"Hunting, pheasants or grouse (Taylor Code 680)",8,Fishing & Hunting
Fishing & Hunting,Hunting birds,8,Fishing & Hunting
Fishing & Hunting,"Hunting, rabbit, squirrel, prairie chick, raccoon, small game (Taylor Code 690)",8,Fishing & Hunting
Fishing & Hunting,"Hunting pigs, wild",8,Fishing & Hunting
Fishing & Hunting,"Trapping game, general",8,Fishing & Hunting
Fishing & Hunting,Hunting - hiking with hunting gear,8,Fishing & Hunting
Fishing & Hunting,"Pistol shooting or trap shooting, standing",8,Fishing & Hunting
Fishing & Hunting,"Rifle exercises, shooting, lying down",8,Fishing & Hunting
Fishing & Hunting,"Rifle exercises, shooting, kneeling or standing",8,Fishing & Hunting
Fishing & Hunting,"Foraging, 0-9.9kg backpack",8,Fishing & Hunting
Fishing & Hunting,"Foraging, 10-15kg backpack",8,Fishing & Hunting
Fishing & Hunting,"Sitting in boat, passenger",8,Fishing & Hunting
Fishing & Hunting,Standing in boat,8,Fishing & Hunting
Fishing & Hunting,"Activities in a boat, lifting, lowering",8,Fishing & Hunting
Home Activities,"Cleaning, sweeping carpet or floors, general",4,Home Activities
Home Activities,"Cleaning, sweeping, slow, light effort",4,Home Activities
Home Activities,"Cleaning, sweeping, fast, moderate effort",4,Home Activities
Home Activities,"Cleaning  heavy or major (e.g., wash car, clean garage), moderate effort",4,Home Activities
Home Activities,"Cleaning, mopping, standing, moderate effort",4,Home Activities
Home Activities,"Cleaning windows, washing windows, general",4,Home Activities
Home Activities,"Mopping, standing, light effort",4,Home Activities
Home Activities,"Polishing floors, standing, walking slowly, using electric polishing machine",4,Home Activities
Home Activities,"Multiple household tasks all at once, light effort",4,Home Activities
Home Activities,"Multiple household tasks all at once, moderate effort",4,Home Activities
Home Activities,"Multiple household tasks all at once, vigorous effort",4,Home Activities
Home Activities,"Cleaning, house or cabin, general, moderate effort",4,Home Activities
Home Activities,"Dusting or polishing furniture, general",4,Home Activities
Home Activities,"Kitchen activity, general, (e.g., cooking, washing dishes, cleaning up) moderate effort",4,Home Activities
Home Activities,"Cleaning, general (straightening up, changing linen, carrying out trash), light effort",4,Home Activities
Home Activities,"Wash dishes, standing or in general (not broken into stand/walk components)",4,Home Activities
Home Activities,"Wash dishes, clearing dishes from table, walking, light effort",4,Home Activities
Home Activities,"Vacuuming, general, moderate effort",4,Home Activities
Home Activities,"Butchering animals, small",4,Home Activities
Home Activities,"Butchering animals, large, vigorous effort",4,Home Activities
Home Activities,"Cutting and smoking fish, drying fish or meat",4,Home Activities
Home Activities,"Tanning hides, general",4,Home Activities
Home Activities,"Cooking or food preparation, moderate effort",4,Home Activities
Home Activities,"Cooking or food preparation - standing or sitting or in general (not broken into stand/walk components), manual appliances,",4,Home Activities
Home Activities,"Cooking or food preparation - standing or sitting or in general (not broken into stand/walk components), manual appliances,  light effort",4,Home Activities
Home Activities,"Cooking or food preparation, walking",4,Home Activities
Home Activities,"Serving food, setting/cleaning table, implied walking or standing",4,Home Activities
Home Activities,Feeding household animals,4,Home Activities
Home Activities,"carrying groceries, on level ground, walking",4,Home Activities
Home Activities,"Putting away groceries (e.g. carrying groceries, carrying packages)",4,Home Activities
Home Activities,Carrying groceries upstairs,4,Home Activities
Home Activities,Cooking Indian bread or other food on an outside stove,4,Home Activities
Home Activities,Food shopping with or without a grocery cart; carrying a 10 lb bag; standing or walking,4,Home Activities
Home Activities,"Non-food shopping, with or without cart, standing or walking",4,Home Activities
Home Activities,Ironing,4,Home Activities
Home Activities,"Knitting, sewing, light effort, wrapping presents, sitting",4,Home Activities
Home Activities,Sewing with a machine,4,Home Activities
Home Activities,"Laundry, fold or hang clothes, put clothes in washer or dryer, packing suitcase, washing clothes by hand,  implied standing,",4,Home Activities
Home Activities,"Laundry, fold or hang clothes, put clothes in washer or dryer, packing suitcase, washing clothes by hand,  implied standing,  light effort",4,Home Activities
Home Activities,"Laundry, fold or hang clothes, sitting",4,Home Activities
Home Activities,"Laundry,  moderate effort",4,Home Activities
Home Activities,"Laundry,  putting away clothes, gathering clothes to pack, putting away laundry, implied walking",4,Home Activities
Home Activities,"Making bed, changing linens",4,Home Activities
Home Activities,"Maple syruping/sugar bushing (including carrying buckets, carrying wood)",4,Home Activities
Home Activities,"Moving furniture, household items, carrying boxes",4,Home Activities
Home Activities,"Moving, lifting light loads",4,Home Activities
Home Activities,Organizing a room,4,Home Activities
Home Activities,"Scrubbing floors, on hands and knees, scrubbing bathroom, bathtub, moderate effort",4,Home Activities
Home Activities,"Scrubbing floors, on hands and knees, scrubbing bathroom, bathtub, light effort",4,Home Activities
Home Activities,"Scrubbing floors, on hands and knees, scrubbing bathroom, bathtub, vigorous effort",4,Home Activities
Home Activities,"Sweeping garage, sidewalk, or outside house",4,Home Activities
Home Activities,"Standing, packing/unpacking boxes, occasional lifting lightweight household items, loading or unloading items into a car,",4,Home Activities
Home Activities,"Standing, packing/unpacking boxes, occasional lifting lightweight household items, loading or unloading items into a car,  moderate effort",4,Home Activities
Home Activities,"Implied walking, putting away household items, moderate effort",4,Home Activities
Home Activities,Watering  plants,4,Home Activities
Home Activities,Building a fire inside,4,Home Activities
Home Activities,"Moving household items upstairs, carrying boxes or furniture",4,Home Activities
Home Activities,"Standing, light effort tasks (pump gas, change light bulb, etc.)",4,Home Activities
Home Activities,"Walking, moderate effort tasks, non-cleaning (readying to leave, shut/lock doors, close windows, etc.",4,Home Activities
Home Activities,"Sitting, playing with child(ren), light effort, only active periods",4,Home Activities
Home Activities,"Standing, playing with child(ren), light effort, only active periods",4,Home Activities
Home Activities,"Walking/running, playing with child(ren), moderate effort, only active periods",4,Home Activities
Home Activities,"Walking/running, playing with child(ren), vigorous effort, only active periods",4,Home Activities
Home Activities,"Walking and carrying small child, child weighing 15 lbs or more",4,Home Activities
Home Activities,"Walking and carrying small child, child weighing less than 15 lbs",4,Home Activities
Home Activities,"Standing, holding child",4,Home Activities
Home Activities,"Child care, infant, general",4,Home Activities
Home Activities,"Child care: sitting or kneeling, dressing, bathing, grooming, feeding, occasional lifting of child-light effort, general",4,Home Activities
Home Activities,"Child care: standing, dressing, bathing, grooming, feeding, occasional lifting of child- light effort",4,Home Activities
Home Activities,Reclining with baby,4,Home Activities
Home Activities,"Breastfeeding, sitting or reclining",4,Home Activities
Home Activities,"Sit, playing with animals, light, only active period",4,Home Activities
Home Activities,"Stand, playing with animals, light effort, only active periods",4,Home Activities
Home Activities,"Walk or run, playing with animals, general, light effort, only active periods",4,Home Activities
Home Activities,"Walk/run, playing with animals, moderate effort, only active periods",4,Home Activities
Home Activities,"Walk/run, playing with animals, vigorous effort, only active periods",4,Home Activities
Home Activities,"Standing, bathing dog",4,Home Activities
Home Activities,"Animal care, household animals, general",4,Home Activities
Home Activities,"Elder care, disabled adult, bathing, dressing, moving into and out of bed, only active periods",4,Home Activities
Home Activities,"Elder care, disabled adult, feeding, combing hair, light effort, only active periods",4,Home Activities
Home Activities,Handwashing,4,Home Activities
Home Repair,Airplane repair,13,Home Repair
Home Repair,Automobile body work,13,Home Repair
Home Repair,"Automobile repair, light or moderate effort",13,Home Repair
Home Repair,"Carpentry, general, workshop (Taylor Code 620)",13,Home Repair
Home Repair,"Carpentry, outside house, (Taylor Code 640)",13,Home Repair
Home Repair,"Carpentry, outside house, building a fence",13,Home Repair
Home Repair,"Carpentry, finishing, varnishing, or refinishing cabinets or furniture",13,Home Repair
Home Repair,"Carpentry, sawing hardwood, planing and drilling wood, moderate-to-vigorous effort",13,Home Repair
Home Repair,"Carpentry, home remodeling tasks, moderate effort",13,Home Repair
Home Repair,"Carpentry, home remodeling tasks, light effort",13,Home Repair
Home Repair,"Caulking, chinking log cabin",13,Home Repair
Home Repair,"Caulking, except log cabin",13,Home Repair
Home Repair,Cleaning gutters,13,Home Repair
Home Repair,Excavating garage,13,Home Repair
Home Repair,Hanging storm windows,13,Home Repair
Home Repair,Hanging sheet rock inside house,13,Home Repair
Home Repair,Hammering nails,13,Home Repair
Home Repair,"Home repair, general, light effort",13,Home Repair
Home Repair,"Home repair, general, moderate effort",13,Home Repair
Home Repair,"Home repair, general, vigorous effort",13,Home Repair
Home Repair,Laying or removing carpet,13,Home Repair
Home Repair,Laying tile or linoleum,13,Home Repair
Home Repair,Repairing appliances,13,Home Repair
Home Repair,"Painting, outside home (Taylor Code 650)",13,Home Repair
Home Repair,"Painting inside house, wallpapering, scraping paint",13,Home Repair
Home Repair,Painting (Taylor Code 630),13,Home Repair
Home Repair,"Plumbing, general",13,Home Repair
Home Repair,Put on and removal of tarp – sailboat,13,Home Repair
Home Repair,Roofing,13,Home Repair
Home Repair,Sanding floors with a power sander,13,Home Repair
Home Repair,Scraping and painting sailboat or powerboat,13,Home Repair
Home Repair,Sharpening tools,13,Home Repair
Home Repair,Spreading dirt with a shovel,13,Home Repair
Home Repair,Washing and waxing hull of sailboat or airplane,13,Home Repair
Home Repair,Washing and waxing car,13,Home Repair
Home Repair,"Washing fence, painting fence, moderate effort",13,Home Repair
Home Repair,"Wiring, tapping-splicing",13,Home Repair
Inactivity,Lying quietly and watching television,15,Religious Activities + Inactivity + Volunteer Activities
Inactivity,"Lying quietly, doing nothing, lying in bed awake, listening to music (not talking or reading)",15,Religious Activities + Inactivity + Volunteer Activities
Inactivity,"Sit, watch television",15,Religious Activities + Inactivity + Volunteer Activities
Inactivity,"Sitting quietly, general",15,Religious Activities + Inactivity + Volunteer Activities
Inactivity,"Sitting quietly, fidgeting, general, fidgeting hands",15,Religious Activities + Inactivity + Volunteer Activities
Inactivity,"Sitting, fidget feet",15,Religious Activities + Inactivity + Volunteer Activities
Inactivity,Sitting smoking,15,Religious Activities + Inactivity + Volunteer Activities
Inactivity,"Sitting, listening to music (not talking or reading) or watching a movie in a theater",15,Religious Activities + Inactivity + Volunteer Activities
Inactivity,"Sitting at a desk, resting head in hands",15,Religious Activities + Inactivity + Volunteer Activities
Inactivity,Sleeping,15,Religious Activities + Inactivity + Volunteer Activities
Inactivity,Standing quietly (standing in a line),15,Religious Activities + Inactivity + Volunteer Activities
Inactivity,Standing (fidgeting),15,Religious Activities + Inactivity + Volunteer Activities
Inactivity,Standing watching television,15,Religious Activities + Inactivity + Volunteer Activities
Inactivity,"Reclining, writing",15,Religious Activities + Inactivity + Volunteer Activities
Inactivity,"Reclining, talking or talking on phone",15,Religious Activities + Inactivity + Volunteer Activities
Inactivity,"Reclining, reading",15,Religious Activities + Inactivity + Volunteer Activities
Inactivity,Meditating,15,Religious Activities + Inactivity + Volunteer Activities
Lawn & Garden,"Carrying, loading or stacking wood, loading/unloading or carrying lumber, light-to- moderate effort",6,Lawn & Garden
Lawn & Garden,"Carrying, loading or stacking wood, loading/unloading or carrying lumber, moderate effort",6,Lawn & Garden
Lawn & Garden,"Chopping wood, splitting logs, moderate effort",6,Lawn & Garden
Lawn & Garden,"Chopping wood, splitting logs, vigorous effort",6,Lawn & Garden
Lawn & Garden,"Clearing light brush, thinning garden, moderate effort",6,Lawn & Garden
Lawn & Garden,"Clearing land, haul brush, undergrowth, or ground, vigorous effort",6,Lawn & Garden
Lawn & Garden,"Digging sandbox, shoveling sand",6,Lawn & Garden
Lawn & Garden,"Digging, spading, filling garden, composting, light-to-moderate effort",6,Lawn & Garden
Lawn & Garden,"Digging, spading, filling garden, composting (Taylor Code 590)",6,Lawn & Garden
Lawn & Garden,"Digging, spading, filling garden, composting, vigorous effort",6,Lawn & Garden
Lawn & Garden,Driving tractor,6,Lawn & Garden
Lawn & Garden,"Felling trees, large size",6,Lawn & Garden
Lawn & Garden,"Felling trees, small-medium size",6,Lawn & Garden
Lawn & Garden,"Gardening with heavy power tools, using chain saw, tilling a garden",6,Lawn & Garden
Lawn & Garden,"gardening, general",6,Lawn & Garden
Lawn & Garden,"Irrigation channels, opening and closing ports",6,Lawn & Garden
Lawn & Garden,Laying crushed rock or gravel,6,Lawn & Garden
Lawn & Garden,Laying sod,6,Lawn & Garden
Lawn & Garden,"Mowing lawn, general, walking, moderate effort",6,Lawn & Garden
Lawn & Garden,"Mowing lawn, riding mower (Taylor Code 550)",6,Lawn & Garden
Lawn & Garden,"Mowing lawn, hand mower, vigorous effort (Taylor Code 570)",6,Lawn & Garden
Lawn & Garden,"Mowing lawn, walk, power mower,  moderate or vigorous effort",6,Lawn & Garden
Lawn & Garden,"Mowing lawn, power mower, light or moderate effort (Taylor Code 590)",6,Lawn & Garden
Lawn & Garden,"Operating snow blower, walking",6,Lawn & Garden
Lawn & Garden,"Planting, potting, transplanting seedlings or plants, light effort",6,Lawn & Garden
Lawn & Garden,"Planting seedlings, shrubs, stooping, moderate effort",6,Lawn & Garden
Lawn & Garden,"Planting crops or garden, stooping, moderate effort",6,Lawn & Garden
Lawn & Garden,Planting trees,6,Lawn & Garden
Lawn & Garden,"Raking lawn or leaves, moderate effort",6,Lawn & Garden
Lawn & Garden,Raking lawn (Taylor Code 600),6,Lawn & Garden
Lawn & Garden,Raking roof with snow rake,6,Lawn & Garden
Lawn & Garden,Riding snow blower,6,Lawn & Garden
Lawn & Garden,"Sacking grass, leaves",6,Lawn & Garden
Lawn & Garden,Shoveling dirt or mud,6,Lawn & Garden
Lawn & Garden,"Shoveling snow, by hand, moderate effort",6,Lawn & Garden
Lawn & Garden,"Shoveling snow, by hand (Taylor Code 610)",6,Lawn & Garden
Lawn & Garden,"Shoveling snow, by hand, vigorous effort",6,Lawn & Garden
Lawn & Garden,"Trimming shrubs or trees, manual cutter",6,Lawn & Garden
Lawn & Garden,"Trimming shrubs or trees, power cutter, using leaf blower, edger, moderate effort",6,Lawn & Garden
Lawn & Garden,"Walking, applying fertilizer or seeding a lawn, push applicator",6,Lawn & Garden
Lawn & Garden,"Watering lawn or garden, standing or walking",6,Lawn & Garden
Lawn & Garden,"Weeding, cultivating garden, light-to-moderate effort",6,Lawn & Garden
Lawn & Garden,"Weeding, cultivating garden, moderate effort (Taylor Code 580)",6,Lawn & Garden
Lawn & Garden,"Weeding, cultivating garden, using hoe moderate-to-vigorous effort",6,Lawn & Garden
Lawn & Garden,"Gardening, general, moderate effort",6,Lawn & Garden
Lawn & Garden,"Picking fruit or coffee from trees, moderate effort",6,Lawn & Garden
Lawn & Garden,"Harvesting Produce, Picking fruit off trees, gleaning fruits, picking fruits/vegetables, climbing ladder to pick fruit, vigorous",6,Lawn & Garden
Lawn & Garden,"Harvesting Produce, Picking fruit off trees, gleaning fruits, picking fruits/vegetables, climbing ladder to pick fruit, vigorous  effort",6,Lawn & Garden
Lawn & Garden,"Implied walking/standing - picking up yard, light, picking flowers or vegetables",6,Lawn & Garden
Lawn & Garden,"Walking, gathering gardening tools",6,Lawn & Garden
Lawn & Garden,"Wheel barrow, pushing garden cart or wheelbarrow, general",6,Lawn & Garden
Lawn & Garden,"Wheel barrow, pushing large garden cart or heavy wheelbarrow up to 150kg",6,Lawn & Garden
Lawn & Garden,"Yardwork, general, light effort",6,Lawn & Garden
Lawn & Garden,"Yardwork, general, moderate effort",6,Lawn & Garden
Lawn & Garden,"Yardwork, general, vigorous effort",6,Lawn & Garden
Miscellaneous,"Board game playing, sitting",16,Miscellaneous
Miscellaneous,"Casino gambling, standing",16,Miscellaneous
Miscellaneous,"Card playing, sitting",16,Miscellaneous
Miscellaneous,"Chess game, sitting",16,Miscellaneous
Miscellaneous,"Copying or filing documents, standing",16,Miscellaneous
Miscellaneous,"Drawing, writing, painting, standing",16,Miscellaneous
Miscellaneous,"Laughter, sitting",16,Miscellaneous
Miscellaneous,"Sitting: reading, book, newspaper, magazine",16,Miscellaneous
Miscellaneous,"sitting, typing or reading on a balance chair/stability ball",16,Miscellaneous
Miscellaneous,"watching tv, stepping during commercial breaks",16,Miscellaneous
Miscellaneous,"Sitting: writing, desk work, typing",16,Miscellaneous
Miscellaneous,"Standing:  talking in person, on the phone, computer, text messaging, writing",16,Miscellaneous
Miscellaneous,"Sitting: talking in person, on the phone, computer, or  text messaging, light effort",16,Miscellaneous
Miscellaneous,"Sitting - studying, general, including reading and/or writing, light effort",16,Miscellaneous
Miscellaneous,"Sitting - in class, general, including note-taking or class discussion",16,Miscellaneous
Miscellaneous,Standing - reading,16,Miscellaneous
Miscellaneous,Standing: miscellaneous,16,Miscellaneous
Miscellaneous,"Sitting: arts and crafts, carving wood, weaving, spinning wool, light effort",16,Miscellaneous
Miscellaneous,"Sitting: arts and crafts, carving wood, weaving, spinning wool, moderate effort",16,Miscellaneous
Miscellaneous,"Standing: arts and crafts, sand painting, carving, weaving, light effort",16,Miscellaneous
Miscellaneous,"Standing - arts and crafts, sand painting, carving, weaving, moderate effort",16,Miscellaneous
Miscellaneous,"Standing - arts and crafts, sand painting, carving, weaving, vigorous effort",16,Miscellaneous
Miscellaneous,"Retreat/family reunion activities involving sitting, relaxing, talking, eating",16,Miscellaneous
Miscellaneous,Retreat/family reunion activities involving playing games with children,16,Miscellaneous
Miscellaneous,Touring/traveling/vacation involving  riding in vehicle,16,Miscellaneous
Miscellaneous,Touring/traveling/vacation involving walking,16,Miscellaneous
Miscellaneous,"Camping involving standing, walking, sitting, light-to-moderate effort",16,Miscellaneous
Miscellaneous,"Sitting at a sporting event, spectator",16,Miscellaneous
Music Playing,"Accordion, sitting",0,Music Playing
Music Playing,"Cello, sitting",0,Music Playing
Music Playing,"Conducting orchestra, standing",0,Music Playing
Music Playing,"Double bass, standing",0,Music Playing
Music Playing,"Drums, sitting",0,Music Playing
Music Playing,"Drumming (e.g., bongo, conga, benbe), moderate, sitting",0,Music Playing
Music Playing,"Drumming, concert/live show",0,Music Playing
Music Playing,"Flute, sitting",0,Music Playing
Music Playing,"Horn, standing",0,Music Playing
Music Playing,"Piano, sitting",0,Music Playing
Music Playing,"Playing musical instruments, general",0,Music Playing
Music Playing,"Organ, sitting",0,Music Playing
Music Playing,"Trombone, standing",0,Music Playing
Music Playing,"Trumpet, standing",0,Music Playing
Music Playing,"Violin, sitting",0,Music Playing
Music Playing,"Woodwind instruments, sitting",0,Music Playing
Music Playing,"Brass instruments, sitting",0,Music Playing
Music Playing,"Guitar, classical, folk, sitting",0,Music Playing
Music Playing,"Guitar, rock and roll band, standing",0,Music Playing
Music Playing,"Marching band, baton twirling, walking, moderate pace, general",0,Music Playing
Music Playing,"Marching band, playing an instrument, walking, brisk pace, general",0,Music Playing
Music Playing,"Marching band, drum major, walking",0,Music Playing
Occupation,"Active workstation, Pedal desk, balance chair/ball, General, light effort",5,Occupation
Occupation,"Active workstation, Pedal desk (40 watts)",5,Occupation
Occupation,"Active workstation, Pedal desk (80 watts)",5,Occupation
Occupation,"Active workstation, treadmill desk, walking slowly 1.0 mph or less",9,Walking / Occupation
Occupation,"Active workstation, treadmill desk, walking  1.0 - 2.0 mph",9,Walking / Occupation
Occupation,Airline flight attendant,5,Occupation
Occupation,Apple Harvesting,5,Occupation
Occupation,"Bakery, general, moderate effort",5,Occupation
Occupation,"Bakery, light effort",5,Occupation
Occupation,Bookbinding,5,Occupation
Occupation,"Building road, driving heavy machinery",5,Occupation
Occupation,"Building road, directing traffic, standing",5,Occupation
Occupation,"Carpentry, general, light effort",5,Occupation
Occupation,"Carpentry, general, moderate effort",5,Occupation
Occupation,"Carpentry, general, heavy or vigorous effort",5,Occupation
Occupation,"Carrying heavy loads (e.g., bricks, tools)",5,Occupation
Occupation,"Carrying moderate loads up stairs, moving  boxes, 25-49 lbs",5,Occupation
Occupation,"Chambermaid, hotel housekeeper, making bed,  cleaning bathroom, pushing cart",5,Occupation
Occupation,"Cleaning, vacuuming commercial space",5,Occupation
Occupation,"Coal mining, drilling coal, rock",5,Occupation
Occupation,"Coal mining, erecting supports",5,Occupation
Occupation,"Coal mining, general",5,Occupation
Occupation,"Coal mining, shoveling coal, by hand",5,Occupation
Occupation,"Cook, chef",5,Occupation
Occupation,"Construction, outside, remodeling, new  structures (e.g., roof repair, miscellaneous)",16,Miscellaneous
Occupation,"Construction, rebar, bar bending/fixing",5,Occupation
Occupation,"Custodial work, light effort (e.g., cleaning sink  and toilet, dusting, vacuuming, light cleaning)",5,Occupation
Occupation,"Custodial work, moderate effort (e.g., buffing  floors with electric buffer, feathering or  sweeping arena floors, mopping, taking",5,Occupation
Occupation,"Custodial work, moderate effort (e.g., buffing  floors with electric buffer, feathering or  sweeping arena floors, mopping, taking  out the  trash, vaccuming)",5,Occupation
Occupation,"Electrical work (e.g., hook up wire, tapping splicing); plumbing moved to11516",5,Occupation
Occupation,"Engineer (e.g., mechanical or electrical)",5,Occupation
Occupation,"Farming, vigorous effort (e.g., baling hay,  cleaning barn), includes former code 11200",5,Occupation
Occupation,"Farming, moderate effort (e.g., feeding  animals, chasing cattle by walking and/or  horseback, spreading manure, harvesting",5,Occupation
Occupation,"Farming, moderate effort (e.g., feeding  animals, chasing cattle by walking and/or  horseback, spreading manure, harvesting  crops)",5,Occupation
Occupation,"Farming, light effort, (e.g., cleaning animal  sheds, preparing animal feed)",5,Occupation
Occupation,"Farming, driving tasks (e.g., driving tractor or  harvester)",5,Occupation
Occupation,"Farming, feeding small animals",5,Occupation
Occupation,"Farming, feeding cattle, horses",5,Occupation
Occupation,"Farming, hauling water for animals, fetching  water from well or stream",5,Occupation
Occupation,"Farming, taking care of animals (e.g.,  grooming, brushing, shearing sheep, assisting  with birthing, medical care, branding),",5,Occupation
Occupation,"Farming, taking care of animals (e.g.,  grooming, brushing, shearing sheep, assisting  with birthing, medical care, branding),  general",5,Occupation
Occupation,"Farming, rice, planting, grain milling activities",5,Occupation
Occupation,"Farming, milking by hand, cleaning pails,  moderate effort",5,Occupation
Occupation,"Farming, milking by machine, light effort",5,Occupation
Occupation,"Farming, milking Cows, full milking process, modern milking parlor with milking machines",5,Occupation
Occupation,"Fire fighter, general",5,Occupation
Occupation,"Fire fighter, rescue victim, automobile  accident, using pike pole",5,Occupation
Occupation,"Fire fighter, raising and climbing ladder with  full gear, simulated fire suppression",5,Occupation
Occupation,"Fire fighter, hauling hoses on ground,  carrying/hoisting equipment, breaking down  walls etc., wearing full gear",5,Occupation
Occupation,"Fishing, commercial, light effort",5,Occupation
Occupation,"Fishing, commercial, moderate effort",5,Occupation
Occupation,"Forestry, ax chopping, very fast, 1.25 kg axe,  51 blows/min, extremely vigorous effort",5,Occupation
Occupation,"Forestry, ax chopping, slow, 1.25 kg axe, 19  blows/min, moderate effort",5,Occupation
Occupation,"Forestry, ax chopping, fast, 1.25 kg axe, 35  blows/min, vigorous effort",5,Occupation
Occupation,"Forestry, moderate effort (e.g., sawing wood  with power saw, weeding, hoeing)",5,Occupation
Occupation,"Forestry, vigorous effort (e.g., barking, felling,  or trimming trees, carrying or stacking logs,  planting seeds, sawing lumber by",5,Occupation
Occupation,"Forestry, vigorous effort (e.g., barking, felling,  or trimming trees, carrying or stacking logs,  planting seeds, sawing lumber by  hand )",5,Occupation
Occupation,Furriery,5,Occupation
Occupation,"Garbage collector, walking, dumping bins into truck, street cleaning",5,Occupation
Occupation,"Hairstylist (e.g., plaiting hair, manicure, make up artist)",5,Occupation
Occupation,"Horse grooming, including feeding, cleaning  stalls, bathing, brushing, clipping, longeing and  exercising horses.",5,Occupation
Occupation,"Horse, feeding, watering, cleaning stalls, implied walking and lifting loads",5,Occupation
Occupation,"Horseback riding, working, cutting cows",5,Occupation
Occupation,"Horse racing, galloping, cantor",5,Occupation
Occupation,"Horse racing, Jockey, trotting",5,Occupation
Occupation,"Horse racing, Jockey, walking",5,Occupation
Occupation,Kitchen maid,5,Occupation
Occupation,"Lawn keeper, yardwork, general",5,Occupation
Occupation,"Lawn keeper, weeding, gas powered",5,Occupation
Occupation,Laundry worker,5,Occupation
Occupation,Locksmith,5,Occupation
Occupation,"Machine tooling (e.g., machining, working  sheet metal, machine fitter, operating lathe,  welding) light-to-moderate effort",5,Occupation
Occupation,"Machine tooling, operating punch press,  moderate effort",5,Occupation
Occupation,"Manager, property",5,Occupation
Occupation,"Manual or unskilled labor, general, light effort",5,Occupation
Occupation,"Manual or unskilled labor, general, moderate effort",5,Occupation
Occupation,"Manual or unskilled labor, general, vigorous effort",5,Occupation
Occupation,"Masonary, concrete, moderate effort",5,Occupation
Occupation,"Masonry, concrete, light effort",5,Occupation
Occupation,"Massage therapist, standing",5,Occupation
Occupation,"Mail carrier, walking to deliver mail",5,Occupation
Occupation,"Mail delivery, motorbike",5,Occupation
Occupation,"Mail delivery, Electronically Assisted Bicycle",5,Occupation
Occupation,"Moving, carrying or pushing heavy objects, 75  lbs or more, only active time (e.g., desks,  moving van work)",5,Occupation
Occupation,"Mining, general services, drilling, mining support jobs (mechanical, welding, pipe installation, general construction)",5,Occupation
Occupation,"Skindiving or SCUBA diving as a frogman,  Navy Seal",5,Occupation
Occupation,"Operating heavy duty equipment, automated,  not driving",5,Occupation
Occupation,"Orange grove work, picking fruit",5,Occupation
Occupation,"Painting, house, furniture, moderate effort",5,Occupation
Occupation,Plumbing activities,5,Occupation
Occupation,"Printing, paper industry worker, standing",5,Occupation
Occupation,"Police Officer, Walking",5,Occupation
Occupation,"Police, directing traffic, standing",5,Occupation
Occupation,"Police, driving a squad car, sitting",5,Occupation
Occupation,"Police, riding in a squad car, sitting",5,Occupation
Occupation,"Police, making an arrest, standing",5,Occupation
Occupation,"Counter terrorism maneuvers, clearing building",5,Occupation
Occupation,"Shoe repair, general",5,Occupation
Occupation,"Shoveling, digging ditches",5,Occupation
Occupation,"Shoveling, more than 16 lbs/minute, deep  digging, vigorous effort",5,Occupation
Occupation,"Shoveling, less than 10 lbs/minute, moderate  effort",5,Occupation
Occupation,"Shoveling, 10 to 15 lbs/minute, vigorous effort",5,Occupation
Occupation,"Sitting tasks, light effort (e.g., office work,  chemistry lab work, light  assembly repair, watch repair, reading, desk  work)",5,Occupation
Occupation,"Sitting, computer work",5,Occupation
Occupation,"Standing workstation, typing, computer work",5,Occupation
Occupation,"Sitting meetings, light effort, general, and/or with talking involved (e.g., eating at a business meeting)",5,Occupation
Occupation,"Sitting tasks, moderate effort (e.g. pushing  heavy levers, riding mower/forklift, crane  operation)",5,Occupation
Occupation,"Sitting, teaching stretching or yoga, or light  effort exercise classes",5,Occupation
Occupation,"Standing tasks, light effort (e.g., bartending,  store clerk, assembling, filing, duplicating,  librarian, putting up a Christmas tree,",5,Occupation
Occupation,"Standing tasks, light effort (e.g., bartending,  store clerk, assembling, filing, duplicating,  librarian, putting up a Christmas tree,  standing and talking at work, changing clothes when teaching physical education)",5,Occupation
Occupation,"Standing, light/moderate effort (e.g., assemble/repair heavy parts, welding, stocking  parts, auto repair, packing boxes, nursing",5,Occupation
Occupation,"Standing, light/moderate effort (e.g., assemble/repair heavy parts, welding, stocking  parts, auto repair, packing boxes, nursing  patient care, laundry)",5,Occupation
Occupation,"Standing, moderate effort, lifting items  continuously, 10 – 20 lbs, with limited walking  or resting",5,Occupation
Occupation,"Standing, moderate effort, intermittent lifting  50 lbs, hitch or twisting ropes",5,Occupation
Occupation,"Standing, moderate/heavy tasks (e.g., lifting  more than 50 lbs, masonry, painting, paper  hanging)",5,Occupation
Occupation,"Patient care, healthcare activites",5,Occupation
Occupation,"Patient care, room cleaning/preperation",5,Occupation
Occupation,"Steel mill, moderate effort (e.g., fettling,  forging, tipping molds)",5,Occupation
Occupation,"Steel mill, vigorous effort (e.g., hand rolling,  merchant mill rolling, removing slag, tending  furnace)",5,Occupation
Occupation,"Tailoring, cutting fabric",5,Occupation
Occupation,"Tailoring, general",5,Occupation
Occupation,"Tailoring, hand sewing",5,Occupation
Occupation,"Tailoring, machine sewing",5,Occupation
Occupation,"Tailoring, pressing",5,Occupation
Occupation,"Tailoring, weaving, light effort (e.g., finishing operations, washing, dyeing, inspecting cloth, counting yards, paperwork)",5,Occupation
Occupation,"Tailoring, weaving, moderate effort (e.g.,  spinning and weaving operations, delivering  boxes of yarn to spinners, loading of",5,Occupation
Occupation,"Tailoring, weaving, moderate effort (e.g.,  spinning and weaving operations, delivering  boxes of yarn to spinners, loading of  warp  bean, pinwinding, conewinding, warping, cloth  clutting)",5,Occupation
Occupation,"Truck driving, loading and unloading truck,  tying down load, standing, walking and  carrying heavy loads",5,Occupation
Occupation,"Truck driving, delivery truck, taxi, shuttlebus,  school bus",5,Occupation
Occupation,"Typing, electric, manual or computer",5,Occupation
Occupation,"Using heavy power tools such as pneumatic  tools (e.g., jackhammers, drills, etc.)",5,Occupation
Occupation,"Using heavy tools (not power) such as shovel,  pick, tunnel bar, spade",5,Occupation
Occupation,"Walking on job, less than 2.0 mph, very slow  speed, in office or lab area",9,Walking / Occupation
Occupation,"Walking on job, 2.8 to 3.4 mph, in office, moderate  speed, not carrying anything",9,Walking / Occupation
Occupation,"Walking on job, 3.5 to 3.9 mph, in office, brisk speed,  not carrying anything",9,Walking / Occupation
Occupation,"Walking on job, 2.5 mph, slow speed, carrying  light objects less than 25 lbs",9,Walking / Occupation
Occupation,"Walking, gathering things at work, ready to  leave",5,Occupation
Occupation,"Walking, 2.5 mph, slow speed, carrying heavy  objects more than 25 lbs",9,Walking / Occupation
Occupation,"Walking, 3.0 mph, moderately and carrying  light objects less than 25 lbs",9,Walking / Occupation
Occupation,"Walking, pushing a wheelchair",5,Occupation
Occupation,"Walking, 3.5 mph, briskly and carrying objects  less than 25 lbs",9,Walking / Occupation
Occupation,"Walking or walk downstairs or standing,  carrying objects about 25 to 49 lbs",9,Walking / Occupation
Occupation,"Walking or walk downstairs or standing,  carrying objects about 50 to 74 lbs",9,Walking / Occupation
Occupation,"Walking or walk downstairs or standing,  carrying objects about 75 to 99 lbs",9,Walking / Occupation
Occupation,"Walking or walk downstairs or standing,  carrying objects about 100 lbs or more",9,Walking / Occupation
Occupation,"Warehouse/Shipping Center, Loading/Unloading boxes",5,Occupation
Occupation,"Warehouse/Shipping Center, Moving boxes (~5kg)",5,Occupation
Occupation,"Working in scene shop, theater actor, backstage  employee",5,Occupation
Occupation,"Soldiers, military marching, unloaded 1.5-2.5 mph",5,Occupation
Occupation,"Soldiers, military marching, 1.5-2.5 mph, 10 to 30 kg load",5,Occupation
Occupation,"Airborne Shuffle, 2.5 to 3.5 mph, 20-30 kg load",5,Occupation
Occupation,"Soldiers, military loaded marching, varying terrain, 25-40 kg load",5,Occupation
Occupation,"Soldiers, walking, 2.8 mph, 5% grade, up to 21.5 kg load",9,Walking / Occupation
Occupation,"Soldiers, walking,  2.8 mph, 10% grade, up to 21.5 kg load",9,Walking / Occupation
Occupation,"Soldiers, walking,  2.8 mph, 15% grade, up to 21.5 kg load",9,Walking / Occupation
Occupation,"Military activities, arterial field preparation, digging defensive positions",5,Occupation
Running,Jog/walk combination (jogging component of less than 10 minutes) (Taylor Code 180),1,Sports + Water Activities + Walking
Running,"Jogging, general, self-selected pace",7,Running
Running,"Jogging, in place",7,Running
Running,Jogging 2.6 to 3.7 mph,7,Running
Running,Jogging on a mini-tramp,7,Running
Running,"Running, 4 to 4.2 mph (13 min/mile)",7,Running
Running,Running 4.3 to 4.8 mph,7,Running
Running,"Running, 5.0 to 5.2 mph (12 min/mile)",7,Running
Running,"Running, 5.5 -5.8 mph",7,Running
Running,"Running, 6-6.3 mph (10 min/mile)",7,Running
Running,"Running, 6.7 mph (9 min/mile)",7,Running
Running,"Running, 7 mph (8.5 min/mile)",7,Running
Running,"Running, 7.5 mph (8 min/mile)",7,Running
Running,"Running, 8 mph (7.5 min/mile)",7,Running
Running,"Running, 8.6 mph (7 min/mile)",7,Running
Running,"Running, 9 mph (6.5 min/mile)",7,Running
Running,"Running, 9.3 to 9.6 mph",7,Running
Running,"Running, 10 mph (6 min/mile)",7,Running
Running,"Running, 11 mph (5.5 min/mile)",7,Running
Running,"Running, 12 mph (5.0 min/mile)",7,Running
Running,"Running, 13 mph (4.6 min/mile)",7,Running
Running,"Running, 14 mph (4.3 min/mile)",7,Running
Running,"Running, cross country",7,Running
Running,"Running, self-selected pace",7,Running
Running,Running (Taylor Code 200),1,Sports + Water Activities + Walking
Running,"Running, stairs, up",7,Running
Running,"Running, on a track, team practice",7,Running
Running,"Running, on track, 500-1500m, competitive",7,Running
Running,"Running, on track, 2000-3000m, competitive",7,Running
Running,"Running, training, pushing a wheelchair or baby carrier",7,Running
Running,"Running, marathon",7,Running
Running,"Running uphill, 4.5mph, 5% incline",7,Running
Running,"Running uphill, 6.0 mph, 5% incline",7,Running
Running,"Running uphill, 7.0 mph, 5% incline",7,Running
Running,"Running uphill, 5.0 to 5.9 mph, 15% incline",7,Running
Running,"Running uphill, 0.6 to 0.79 mph, 30% incline",7,Running
Running,"Running uphill, 0.8 to 0.99 mph, 30% incline",7,Running
Running,"Running uphill, 1.0 to 1.19 mph, 30% incline",7,Running
Running,"Running uphill, 1.2 to 1.39 mph, 30-40% incline",7,Running
Running,"Running uphill, 1.4 to 1.59 mph, 30% incline",7,Running
Running,"Running uphill, >1.6mph, 10-30% incline",7,Running
Running,"Running, hilly terrain, ±100m change in elevation",7,Running
Running,"Running downhill, 5.0 to 5.9 mph, -10% to -15%",7,Running
Running,"Running downhill, 6.0 to 6.9 mph, -10% to -15%",7,Running
Running,"Running downhill, 7.0 to 8.9 mph, -10% to -15%",7,Running
Running,"Running downhill, 6.0 to 7.9 mph, -3% to -9%",7,Running
Running,"Running downhill, 8.0 to 10.5 mph, -3% to -9%",7,Running
Running,"Running/jogging, curved treadmill, 3.0 to 3.9 mph",7,Running
Running,"Running/jogging, curved treadmill, 4.0 to 4.9 mph",7,Running
Running,"Running curved treadmill, 5.0 to 5.9 mph",7,Running
Running,"Running curved treadmill, 7.0 to 7.9 mph",7,Running
Running,"Running curved treadmill, 8.0 to 8.9 mph",7,Running
Running,"Running curved treadmill, 9.0 to 9.9 mph",7,Running
Running,"Running, 5.0 - 5.9 mph, 1.0 to 3.0 kg backpack",7,Running
Running,"Running, 6.0 - 6.9 mph, 1.0 to 3.0 kg backpack",7,Running
Running,"Running, 7.0 - 7.9 mph, 1.0 to 3.0 kg backpack",7,Running
Running,"Running, 8.0 - 8.9 mph, 1.0 to 3.0 kg backpack",7,Running
Running,"Running, barefoot, 3.5-5.9 mph",7,Running
Running,"Running, barefoot, 6.0-7.9 mph",7,Running
Running,"Running, barefoot, 8.0-8.9 mph",7,Running
Running,"Running, jogging stroller, indoors, 5 mph",7,Running
Running,"Running, jogging stroller, indoors, 6 mph",7,Running
Running,"Running, jogging stroller, outdoors, 5 mph",7,Running
Running,"Running, jogging stroller, outdoors, 6 mph",7,Running
Running,"Skipping, 5.5-6.0 mph",7,Running
Running,"Triathlon, Running",7,Running
Self Care,"Getting ready for bed, general, standing",15,Religious Activities + Inactivity + Volunteer Activities
Self Care,"Sitting on toilet, eliminating while standing or squatting",15,Religious Activities + Inactivity + Volunteer Activities
Self Care,"Bathing, sitting",15,Religious Activities + Inactivity + Volunteer Activities
Self Care,"Dressing, undressing, standing or sitting",15,Religious Activities + Inactivity + Volunteer Activities
Self Care,"Eating, sitting",15,Religious Activities + Inactivity + Volunteer Activities
Self Care,"Talking and eating or eating only, standing",15,Religious Activities + Inactivity + Volunteer Activities
Self Care,"Taking medication, sitting or standing",15,Religious Activities + Inactivity + Volunteer Activities
Self Care,"Grooming, washing hands, shaving, brushing teeth, putting on make-up, sitting or standing",15,Religious Activities + Inactivity + Volunteer Activities
Self Care,"Hairstyling, standing",15,Religious Activities + Inactivity + Volunteer Activities
Self Care,"Having hair or nails done by someone else, sitting",15,Religious Activities + Inactivity + Volunteer Activities
Self Care,"Showering, toweling off, standing",15,Religious Activities + Inactivity + Volunteer Activities
Sexual Activity,"Active, vigorous effort",15,Religious Activities + Inactivity + Volunteer Activities
Sexual Activity,"General, moderate effort",5,Occupation
Sexual Activity,"Passive, light effort, kissing, hugging",5,Occupation
Sports,"Alaska Native Games, Eskimo Olympics, general",12,Sports
Sports,Archery (non-hunting),12,Sports
Sports,"Badminton, competitive (Taylor Code 450)",1,Sports + Water Activities + Walking
Sports,"Badminton, competitive, match play",12,Sports
Sports,"Badminton, social singles and doubles, general",12,Sports
Sports,"Basketball, game (Taylor Code 490)",1,Sports + Water Activities + Walking
Sports,"Basketball, non-game, general (Taylor Code 480)",1,Sports + Water Activities + Walking
Sports,"Basketball, general",12,Sports
Sports,"Basketball, officiating (Taylor Code 500)",1,Sports + Water Activities + Walking
Sports,"Basketball, officiating",12,Sports
Sports,"Basketball, shooting baskets",12,Sports
Sports,"Basketball, drills, practice",12,Sports
Sports,Billiards,12,Sports
Sports,Bowling (Taylor Code 390),1,Sports + Water Activities + Walking
Sports,"Bowling, indoor, bowling alley",12,Sports
Sports,"Boxing, in ring, general",12,Sports
Sports,"Boxing, punching bag",12,Sports
Sports,"Boxing, punching bag, 60 b/min",12,Sports
Sports,"Boxing, punching bag, 120 b/min",12,Sports
Sports,"Boxing, punching bag, 180 b/min",12,Sports
Sports,"Boxing, sparring",12,Sports
Sports,"Boxing, simulated boxing round, exercise",12,Sports
Sports,Broomball,12,Sports
Sports,"Children’s games, adults playing  (e.g., hopscotch, 4-square, dodge ball, playground apparatus, t-ball,  tetherball, marbles,",12,Sports
Sports,"Children’s games, adults playing  (e.g., hopscotch, 4-square, dodge ball, playground apparatus, t-ball,  tetherball, marbles,  jacks, arcade games), moderate effort",12,Sports
Sports,"Cheerleading, gymnastic moves, competitive",12,Sports
Sports,"Coaching, football, soccer, basketball, baseball, swimming, etc.",12,Sports
Sports,"Coaching, actively playing sport with players",12,Sports
Sports,"Cricket, batting, bowling, fielding",12,Sports
Sports,Croquet,12,Sports
Sports,Curling,12,Sports
Sports,"Darts, wall or lawn",12,Sports
Sports,"Drag racing, pushing or driving a car",12,Sports
Sports,"Auto racing, open wheel",12,Sports
Sports,Futsal,12,Sports
Sports,"Fencing, general",12,Sports
Sports,"Fencing, epee, competitive",12,Sports
Sports,Floorball,12,Sports
Sports,"Football, competitive",12,Sports
Sports,"Football, touch, flag, general (Taylor Code 510)",1,Sports + Water Activities + Walking
Sports,"Football, touch, flag, light effort",12,Sports
Sports,"Football or baseball, playing catch",12,Sports
Sports,"Frisbee playing, general",12,Sports
Sports,"Frisbee, ultimate",12,Sports
Sports,Frisbee golf,12,Sports
Sports,"Golf, general",12,Sports
Sports,"Golf, walking, carrying clubs",9,Walking / Occupation
Sports,"Golf, miniature, driving range",12,Sports
Sports,"Golf, walking, pulling clubs",12,Sports
Sports,"Golf, using power cart (Taylor Code 070)",1,Sports + Water Activities + Walking
Sports,"Gymnastics, general",12,Sports
Sports,Hacky sack,12,Sports
Sports,"Handball, general (Taylor Code 520)",1,Sports + Water Activities + Walking
Sports,"Handball, team",12,Sports
Sports,"High ropes course, multiple elements",12,Sports
Sports,Hang gliding,12,Sports
Sports,"Hockey, field",12,Sports
Sports,"Hockey, ice, general",12,Sports
Sports,"Hockey, ice, competitive",12,Sports
Sports,"Horseback riding, general",12,Sports
Sports,"Horse grooming, maintenance, saddling tasks",12,Sports
Sports,"Horseback riding, trotting",12,Sports
Sports,"Horseback riding, canter or gallop",12,Sports
Sports,"Horseback riding, walking",12,Sports
Sports,"Horseback riding, jumping",12,Sports
Sports,"Horseback riding, reining",12,Sports
Sports,"Horseback riding, simulator",12,Sports
Sports,"Horse cart, driving, standing or sitting",12,Sports
Sports,"Horseshoe pitching, quoits",12,Sports
Sports,Jai alai,12,Sports
Sports,"Martial Arts, different types, slower pace, novice performers, practice",12,Sports
Sports,"Martial Arts, different types, moderate pace (e.g., judo, jujitsu, karate, kick boxing, tae kwon do, tai-bo, Muay Thai boxing)",12,Sports
Sports,"Taekwondo, combat simulation",12,Sports
Sports,Judo,12,Sports
Sports,Juggling,12,Sports
Sports,"Kendu, kihon-keiko style, moderate intensity",12,Sports
Sports,"Kendu, kirikaeshi style, high intensity",12,Sports
Sports,"Kendu, kakari keiko style, very high intensity",12,Sports
Sports,Kickball,12,Sports
Sports,Kung Fu Gymnastics,12,Sports
Sports,Kickboxing,12,Sports
Sports,Lacrosse,12,Sports
Sports,"Lawn bowling, bocce ball, outdoor",12,Sports
Sports,"Motocross, off-road motor sports, all-terrain vehicle, general",12,Sports
Sports,"Motorcycle racing, Supormoto racing",12,Sports
Sports,Netball,12,Sports
Sports,Orienteering,12,Sports
Sports,"Paddleball, competitive",12,Sports
Sports,"Paddleball, casual, general (Taylor Code 460)",1,Sports + Water Activities + Walking
Sports,"Paragliding, moderate altitude",12,Sports
Sports,Prusik climbing,12,Sports
Sports,"Polo, on horseback",12,Sports
Sports,"Racquetball, competitive",12,Sports
Sports,"Race Walking, 3.1 m/s (6.9 mph)",9,Walking / Occupation
Sports,"Race Walking, 3.7 m/s (8.3 mph)",9,Walking / Occupation
Sports,"Race Walking, racing speed, 4.0 m/s (8.95 mph)",9,Walking / Occupation
Sports,"Racquetball, general (Taylor Code 470)",1,Sports + Water Activities + Walking
Sports,"Rock or mountain climbing (Taylor Code 060), (formerly code 17120)",1,Sports + Water Activities + Walking
Sports,"Rock climbing, free boulder",12,Sports
Sports,"Rock climbing, ascending rock, high difficulty",12,Sports
Sports,"Rock climbing, speed climbing, very difficult",12,Sports
Sports,"Rock climbing, ascending or traversing rock, low-to-moderate difficulty",12,Sports
Sports,"Rock climbing, treadwall, 4-6 m/min",12,Sports
Sports,"Rock climbing, treadwall, 7-10 m/min",12,Sports
Sports,"Rock climbing, rappelling,",12,Sports
Sports,"Rodeo sports, general, light effort",12,Sports
Sports,"Rodeo sports, general, moderate effort",12,Sports
Sports,"Rodeo sports, general, vigorous effort",12,Sports
Sports,"Rope jumping, fast pace, 120-160 skips/min",12,Sports
Sports,"Rope jumping, moderate pace, general, 100 to 120 skips/min, 2 foot skip, plain bounce",12,Sports
Sports,"Rope jumping, slow pace, < 100 skips/min, 2 foot skip, rhythm bounce",12,Sports
Sports,"Rope jumping, double under or more",12,Sports
Sports,"Rugby, union, team, competitive",12,Sports
Sports,"Rugby, touch, non-competitive",12,Sports
Sports,Shuffleboard,12,Sports
Sports,"Skateboarding, general, moderate effort",12,Sports
Sports,"Skateboarding, competitive, vigorous effort",12,Sports
Sports,"Skating, roller (Taylor Code 360)",1,Sports + Water Activities + Walking
Sports,"Roller blading, in-line skating, 14.4 km/h (9.0 mph), recreational pace",12,Sports
Sports,"Roller blading, in-line skating, 17.7 km/h (11.0 mph), moderate pace, exercise training",12,Sports
Sports,"Roller blading, in-line skating, 21.0 to 21.7 km/h (13.0 to 13.6 mph), fast pace, exercise training",12,Sports
Sports,"Rollerblading, in-line skating, 24.0 km/h (15.0 mph), maximal effort",12,Sports
Sports,"Skateboard, longboard, 13.3 km/h, slow speed",12,Sports
Sports,"Skateboard, longboard, 16.2 km/h, typical speed",12,Sports
Sports,"Skateboard, longboard, 13.3 km/h, fast speed",12,Sports
Sports,"Skydiving, base-jumping, bungee jumping",12,Sports
Sports,"Soccer, competitive",12,Sports
Sports,"Soccer, casual, general (Taylor Code 540)",1,Sports + Water Activities + Walking
Sports,Walking football/soccer,12,Sports
Sports,"Softball or baseball, fast or slow pitch, general, moderate effort (Taylor Code 440)",1,Sports + Water Activities + Walking
Sports,"Softball, practice",12,Sports
Sports,"Softball, officiating",12,Sports
Sports,"Softball, pitching",12,Sports
Sports,"Sports spectator, very excited, emotional, physically moving",12,Sports
Sports,Squash (Taylor Code 530),1,Sports + Water Activities + Walking
Sports,"Squash, general",12,Sports
Sports,"Table tennis, ping pong (Taylor Code 410)",1,Sports + Water Activities + Walking
Sports,"Tai chi, qi gong, general",12,Sports
Sports,"Tai chi, qi gong, sitting, light effort",12,Sports
Sports,"Tai chi chuan, Yang style",12,Sports
Sports,"Tennis, general, moderate effort",12,Sports
Sports,"Tennis, general, competitive",12,Sports
Sports,"Tennis, doubles (Taylor Code 430)",1,Sports + Water Activities + Walking
Sports,"Tennis, doubles",12,Sports
Sports,"Tennis, singles (Taylor Code 420)",1,Sports + Water Activities + Walking
Sports,"Tennis, hitting balls, non-game play, moderate effort",12,Sports
Sports,"Trampoline, recreational",12,Sports
Sports,"Trampoline, competitive",12,Sports
Sports,Volleyball (Taylor Code 400),1,Sports + Water Activities + Walking
Sports,"Volleyball, competitive, in gymnasium",12,Sports
Sports,"Volleyball, non-competitive, 6 - 9 member team, general",12,Sports
Sports,"Volleyball, beach, in sand",12,Sports
Sports,"Wrestling, competitive (one match = 5 minutes)",12,Sports
Sports,"Wallyball, general",12,Sports
Sports,"Track and field (e.g., shot, discus, hammer throw)",12,Sports
Sports,"Track and field (e.g., high jump, long jump, triple jump, javelin, pole vault)",12,Sports
Sports,"Track and field (e.g., steeplechase, hurdles)",12,Sports
Transportation,"Bicycling for transportation, light effort",11,Bicycling / Transportation
Transportation,"Bicycling for transportation, high effort",11,Bicycling / Transportation
Transportation,E-bike (electrically assisted) for transportation,11,Bicycling / Transportation
Transportation,Automobile or light truck (not a semi) driving,11,Bicycling / Transportation
Transportation,Riding in a car or truck,11,Bicycling / Transportation
Transportation,Riding in a bus or train,11,Bicycling / Transportation
Transportation,Flying airplane or helicoptor,11,Bicycling / Transportation
Transportation,"Motor scooter, motorcycle",11,Bicycling / Transportation
Transportation,Pulling rickshaw,11,Bicycling / Transportation
Transportation,Pushing plane in and out of hangar,11,Bicycling / Transportation
Transportation,"Truck, semi, tractor, ≥1 ton, or bus, driving",11,Bicycling / Transportation
Transportation,"Walking for transportation, 2.8-3.2 mph, level, moderate pace, firm surface",9,Walking / Occupation
Walking,Backpacking (Taylor Code 050),1,Sports + Water Activities + Walking
Walking,"Walking with a day pack, level ground, assumed in the city",9,Walking / Occupation
Walking,"Backpacking,  hiking with a daypack, organized walking with daypack",9,Walking / Occupation
Walking,"Carrying 5 to 14 lb (2.3 to 6.4 kg) load (e.g. suitcase, boxes, groceries), level ground, moderate pace",9,Walking / Occupation
Walking,"Carrying 15 - 155 lb (6.8 - 70.4 kg) load (e.g. suitcase, boxes, furniture), level ground or downstairs, slow pace",9,Walking / Occupation
Walking,"Carrying 50 to 150 pound load (e.g., equine or bovine feed, fence pipes, furniture), level ground, moderate pace",9,Walking / Occupation
Walking,"Carrying ~10 lb child, slow walking",9,Walking / Occupation
Walking,"Carrying load upstairs, general",9,Walking / Occupation
Walking,"Carrying load, 1 to 15 lb load, upstairs",9,Walking / Occupation
Walking,"Carrying load, 16 to 24 lb load, upstairs",9,Walking / Occupation
Walking,"Carrying load, 25 to 49 lb load, upstairs",9,Walking / Occupation
Walking,"Carrying load, 50 to 74 lb load, upstairs",9,Walking / Occupation
Walking,"Carrying load, >74 lb load, upstairs",9,Walking / Occupation
Walking,"Loading  and/or unloading a car, implied walking",9,Walking / Occupation
Walking,"Climbing hills, no load, 5 to 20% grade, very slow pace",9,Walking / Occupation
Walking,"Climbing hills, 15-50 lb load, 1 to 2% grade, slow pace",9,Walking / Occupation
Walking,"Climbing hills, no load, 1 to 5% grade, moderate-to-brisk pace",9,Walking / Occupation
Walking,"Climbing hills, no load, 6 to 10% grade, moderate-to-brisk pace",9,Walking / Occupation
Walking,"Climbing hills, no load, 11 to 20% grade, slow-to-moderate pace",9,Walking / Occupation
Walking,"Climbing hills, no load, 4.0 to 5.0 mph, 3 to 5% grade, very fast pace",9,Walking / Occupation
Walking,"Climbing hills, no load, steep grade (30%), slow pace (less than 1.2 mph)",9,Walking / Occupation
Walking,"Climbing hills, no load, very steep grade (30-40%), 1.2 to 1.8 mph",9,Walking / Occupation
Walking,"Climbing hills, no load, steep grade (10-40%), 1.8 to 5.0 mph",9,Walking / Occupation
Walking,"Climbing hills, 10 to 20 lb load, 5 to 10% grade, moderate",9,Walking / Occupation
Walking,"Climbing hills, 21 to 40 lb load, 3 to 10% grade, moderate-to-brisk pace",9,Walking / Occupation
Walking,"Climbing hills, 20+ pound load, 5 to 20% grade, moderate to brisk pace",9,Walking / Occupation
Walking,Descending stairs,9,Walking / Occupation
Walking,"Hauling water, head hauling, walking on flat surface",9,Walking / Occupation
Walking,"Hiking, cross country (Taylor Code 040)",1,Sports + Water Activities + Walking
Walking,"Hiking slowly or ambling through fields and hillsides, no load",9,Walking / Occupation
Walking,"Hiking or walking at a normal pace through fields and hillsides, no load",9,Walking / Occupation
Walking,"Bird watching, walking and stopping",9,Walking / Occupation
Walking,"Marching, moderate speed, military, no pack",9,Walking / Occupation
Walking,"Marching rapidly, military, no pack",9,Walking / Occupation
Walking,"Pushing or pulling stroller with child or walking with children, 2.5 to 3.1 mph",9,Walking / Occupation
Walking,"Pushing a wheelchair, non-occupational",9,Walking / Occupation
Walking,Race walking,9,Walking / Occupation
Walking,"Stair climbing, using or climbing up ladder (Taylor Code 030)",1,Sports + Water Activities + Walking
Walking,"Stair climbing, general",9,Walking / Occupation
Walking,"Stair climbing, slow pace",9,Walking / Occupation
Walking,"Stair climbing, fast pace, one step at a time",9,Walking / Occupation
Walking,"Stair climbing, two steps at a time",9,Walking / Occupation
Walking,"Stair climbing, ascending and descending stairs",9,Walking / Occupation
Walking,"Using crutches, level ground, general",9,Walking / Occupation
Walking,"Using crutches, fast pace",9,Walking / Occupation
Walking,Using medical knee scooter,9,Walking / Occupation
Walking,"Walking, household",9,Walking / Occupation
Walking,"Walking, less than 2.0 mph, level, strolling, very slow",9,Walking / Occupation
Walking,"Walking, 2.0 to 2.4 mph, level, slow pace, firm surface",9,Walking / Occupation
Walking,Walking for pleasure (Taylor Code 010),1,Sports + Water Activities + Walking
Walking,"Walking from house to car or bus, from car or bus to go places, from car or bus to and from the worksite",9,Walking / Occupation
Walking,Walking to neighbor’s house or family’s house for social reasons,9,Walking / Occupation
Walking,Walking the dog,9,Walking / Occupation
Walking,"Walking, 2.5 mph, firm, level surface",9,Walking / Occupation
Walking,"Walking, 2.5 mph, downhill",9,Walking / Occupation
Walking,"Walking, 2.8 to 3.4 mph, level, moderate pace, firm surface",9,Walking / Occupation
Walking,"Walking, 3.5 to 3.9 mph, level, brisk, firm surface, walking for exercise",9,Walking / Occupation
Walking,"Walking, 4.0 to 4.4 mph (6.4 to 7.0 km/h), level, firm surface, very brisk pace",9,Walking / Occupation
Walking,"Walking, 4.5 to 4.9 mph, level, firm surface, very, very brisk",9,Walking / Occupation
Walking,"Walking, 5.0 to 5.5 mph (8.8 to 8.9 km/h), level, firm surface",9,Walking / Occupation
Walking,"Walking, for pleasure, work break (Taylor Code xxx)",1,Sports + Water Activities + Walking
Walking,"Walking, self-selected speed, indoor track or outdoors, firm surface",9,Walking / Occupation
Walking,"Walking, grass track",9,Walking / Occupation
Walking,"Walking, normal pace, plowed field or sand",9,Walking / Occupation
Walking,"Walking, to work or class (Taylor Code 015)",1,Sports + Water Activities + Walking
Walking,"Walking, to and from an outhouse",9,Walking / Occupation
Walking,"Walking, for exercise, 2.5 to 3.5 mph (4.0 to 5.6 km/h), with ski poles, Nordic walking, level, moderate pace",9,Walking / Occupation
Walking,"Walking, for exercise, 3.6 to 4.4 mph (5.8 to 7.1 km/h), with ski poles, Nordic walking, level, moderate pace",9,Walking / Occupation
Walking,"Walking, for exercise, 4.5 to 5.0 mph, with ski poles, Nordic walking, level, fast pace",9,Walking / Occupation
Walking,"Walking, for exercise, with ski poles, Nordic walking, uphill, moderate pace",9,Walking / Occupation
Walking,"Walking, for exercise, with ski poles, Nordic walking, level ground, carrying 20 to 30 lb load (9.0 to 15.0 kg)",9,Walking / Occupation
Walking,"Walking, for exercise, with ski poles, Nordic walking, uphill, carrying 20 to 30 lb load (9.0 to 15.0 kg)",9,Walking / Occupation
Walking,"Walking, backward, 3.5 mph, level",9,Walking / Occupation
Walking,"Walking, backward, 3.5 mph, uphill, 5% grade",9,Walking / Occupation
Walking,"Walking, Teabag walk, Monty Python Ministry of Silly Walks",9,Walking / Occupation
Walking,"Walking, Putey walk, Monty Python Ministry of Silly Walks",9,Walking / Occupation
Walking,"Walking, treadmill, less than 1.0 mph, 0% grade",9,Walking / Occupation
Walking,"Walking, treadmill, 1.0 mph, 0% grade",9,Walking / Occupation
Walking,"Walking, treadmill, 1.2 to 1.9 mph, 0% grade (1.9 to 3.0 km/h)",9,Walking / Occupation
Walking,"Walking, treadmill, 2.0 to 2.4 mph (3.2 to 3.9 km/h), 0% grade",9,Walking / Occupation
Walking,"Walking, treadmill, 2.5 to 2.9 mph (4.0 to 4.7 km/h), 0% grade",9,Walking / Occupation
Walking,"Walking, treadmill, 3.0 to 3.4 mph (4.8 to 5.5 km/h), 0% grade",9,Walking / Occupation
Walking,"Walking, treadmill, 3.5 to 3.9 mph (5.6 to 6.3 km/h), 0% grade",9,Walking / Occupation
Walking,"Walking, treadmill, 4.0 to 4.4 mph (6.4 to 7.1 km/h), 0% grade",9,Walking / Occupation
Walking,"Walking, treadmill, 4.5 to 4.9 mph (7.2 to 7.9 km/h), 0% grade",9,Walking / Occupation
Walking,"Walking, treadmill, 5.0 to 5.5 mph (8.0 to 8.9 km/h), 0% grade",9,Walking / Occupation
Walking,"Walking, treadmill, downhill (-3% to -12% grade), 2.8 to 3.1 mph",9,Walking / Occupation
Walking,"Walking, treadmill, downhill (-5% to -25% grade), 2.8 mph, with Nordic Poles",9,Walking / Occupation
Walking,"Walking, treadmill, 2.5 mph, 0% grade, 5 to 20 degrees C, 40 lb (18.2 kg) load",9,Walking / Occupation
Walking,"Walking, treadmill, 2.5 mph, 0% grade, -10 to 0 degrees C, 40 lb (18.2 kg) load",9,Walking / Occupation
Walking,"Walking, Curved treadmill, 3.0 to 5.0 mph, brisk pace",9,Walking / Occupation
Walking,"Walking treadmill, backwards, 2.5 mph, +10% grade",9,Walking / Occupation
Walking,"Walking, with a walker or step-to gait on treadmill, 0.7 mph (1.1 km/h), 0% grade",9,Walking / Occupation
Water Activities,"Boating, power, driving",3,Water Activities
Water Activities,"Boating, power, passenger, light",3,Water Activities
Water Activities,"Canoeing, on camping trip (Taylor Code 270)",1,Sports + Water Activities + Walking
Water Activities,"Canoeing, harvesting wild rice, knocking rice off the stalks",3,Water Activities
Water Activities,"Canoeing, portaging",3,Water Activities
Water Activities,"Canoeing, rowing, 2.0-3.9 mph, light effort",3,Water Activities
Water Activities,"Canoeing, rowing, 4.0-5.9 mph, moderate effort",3,Water Activities
Water Activities,"Canoeing, rowing, kayaking, competition, > 6 mph, vigorous effort",3,Water Activities
Water Activities,"Canoeing, rowing, for pleasure, general (Taylor Code 250)",1,Sports + Water Activities + Walking
Water Activities,"Canoeing or rowing, in competition, crew or sculling (Taylor Code 260)",1,Sports + Water Activities + Walking
Water Activities,"Diving, springboard or platform",3,Water Activities
Water Activities,"Kayaking, moderate effort",3,Water Activities
Water Activities,"Kayaking, competition",3,Water Activities
Water Activities,"Kayaking, slalom, flat water",3,Water Activities
Water Activities,Paddle boat,3,Water Activities
Water Activities,"Rowing, simulated crew in a water tank, single oar, 33 strokes/min,",3,Water Activities
Water Activities,"Rowing, single scull, ergometer, ergometer on slides, racing speed (32+ strokes/min, >10 mph)",3,Water Activities
Water Activities,"Sailing, boat and board sailing, windsurfing, ice sailing, general (Taylor Code 235)",1,Sports + Water Activities + Walking
Water Activities,"Sailing, in competition, general",3,Water Activities
Water Activities,"Sailing, in competition, high effort",3,Water Activities
Water Activities,"Sailing, Sunfish/Laser/Hobby Cat, Keel boats, ocean sailing, yachting, leisure",3,Water Activities
Water Activities,"Sailing, dingy",3,Water Activities
Water Activities,"Skiing, water or wake boarding (Taylor Code 220)",1,Sports + Water Activities + Walking
Water Activities,"Jet skiing, driving, in water",3,Water Activities
Water Activities,"Skindiving, fast",3,Water Activities
Water Activities,"Skindiving, moderate",3,Water Activities
Water Activities,"Skindiving, scuba diving, general (Taylor Code 310)",1,Sports + Water Activities + Walking
Water Activities,"Scuba diving, general, light effort",3,Water Activities
Water Activities,"Scuba diving, general, moderate effort",3,Water Activities
Water Activities,"Scuba diving, professional diver",3,Water Activities
Water Activities,"Scuba diving, recreational diver",3,Water Activities
Water Activities,Snorkeling (Taylor Code 320),1,Sports + Water Activities + Walking
Water Activities,"Surfing, body or board, general",3,Water Activities
Water Activities,"Surfboard, paddling",3,Water Activities
Water Activities,"Surfing, body or board, competitive",3,Water Activities
Water Activities,"Stand up paddle boarding, general",3,Water Activities
Water Activities,"Stand up Paddleboard, standing, 10-19 strokes/min",3,Water Activities
Water Activities,"Stand up Paddleboard, standing, 20-29 strokes/min",3,Water Activities
Water Activities,"Stand up Paddleboard, standing, 30-39 strokes/min",3,Water Activities
Water Activities,"Stand up Paddleboard, standing, 40-49 strokes/min",3,Water Activities
Water Activities,"Stand up Paddleboard, standing, 50-69 strokes/min",3,Water Activities
Water Activities,"Swimming laps, freestyle, fast, vigorous effort",3,Water Activities
Water Activities,"Swimming laps, freestyle, slow, recreational",3,Water Activities
Water Activities,"Swimming, backstroke, training or competition",3,Water Activities
Water Activities,"Swimming, backstroke, recreational",3,Water Activities
Water Activities,"Swimming, breaststroke, general, training or  competition",3,Water Activities
Water Activities,"Swimming breaststroke, recreational",3,Water Activities
Water Activities,"Swimming, butterfly, general",3,Water Activities
Water Activities,"Swimming, crawl, fast speed, ~75 yards/minute,  vigorous effort",3,Water Activities
Water Activities,"Swimming, open water, 5k",3,Water Activities
Water Activities,"Swimming, crawl, medium speed, ~50 yards/minute, vigorous effort",3,Water Activities
Water Activities,"Swimming, crawl, slow speed, 30-45 yards/minute, moderate effort",3,Water Activities
Water Activities,"Swimming, crawl, elite swimmers, competition, >90 yards/minute",3,Water Activities
Water Activities,"Swimming, lake, ocean, river (Taylor Codes 280,  295)",3,Water Activities
Water Activities,"Swimming, leisurely, not lap swimming, general",3,Water Activities
Water Activities,"Swimming, sidestroke, general",3,Water Activities
Water Activities,"Swimming, synchronized",3,Water Activities
Water Activities,"Swimming, treading water, fast, vigorous effort",3,Water Activities
Water Activities,"Swimming, treading water, moderate effort,  general",3,Water Activities
Water Activities,"Tubing, floating on a river, general",3,Water Activities
Water Activities,"Water aerobics, water calisthenics, general",3,Water Activities
Water Activities,"Water aerobics, resistance exercises",3,Water Activities
Water Activities,"Water aerobics, high intensity",3,Water Activities
Water Activities,Water polo,3,Water Activities
Water Activities,Water volleyball,3,Water Activities
Water Activities,"Water jogging, vigorous effort",3,Water Activities
Water Activities,"Water walking, light effort, slow pace",3,Water Activities
Water Activities,"Water walking, moderate effort, moderate pace",3,Water Activities
Water Activities,"Water walking, vigorous effort, brisk pace",3,Water Activities
Water Activities,"Whitewater rafting, kayaking, or canoeing",3,Water Activities
Water Activities,"Water running, 30 steps/min, slow",3,Water Activities
Water Activities,"Water running, 40 steps/min, moderate",3,Water Activities
Water Activities,"Water running, 50 steps/min, fast",3,Water Activities
Water Activities,"Water running, 60 steps/min, very fast",3,Water Activities
Water Activities,"Windsurfing, not pumping for speed",3,Water Activities
Water Activities,"Windsurfing or kitesurfing, crossing trial",3,Water Activities
Water Activities,"Windsurfing, competition, pumping for speed",3,Water Activities
Water Activities,"Aquatic cycling, 25 W, 40-50 RPM",3,Water Activities
Water Activities,"Aquatic cycling, 25 W, 60-70 RPM",3,Water Activities
Water Activities,"Aquatic cycling, 50 W, 40-50 RPM",3,Water Activities
Water Activities,"Aquatic cycling,  50 W, 60-70 RPM",3,Water Activities
Water Activities,"Aquatic cycling, 75 W, 40-50 RPM",3,Water Activities
Water Activities,"Aquatic cycling, 75 W, 60-70 RPM",3,Water Activities
Water Activities,"Aquatic cycling, 100 W, 40-50 RPM",3,Water Activities
Water Activities,"Aquatic cycling, 100 W, 60-70 RPM",3,Water Activities
Water Activities,"Aquatic cycling, 80-89 RPM",3,Water Activities
Water Activities,"Aquatic cycling, 90+ RPM",3,Water Activities
Winter Activities,"Dog sledding, mushing",14,Winter Activities
Winter Activities,"Dog sledding, passenger",14,Winter Activities
Winter Activities,"Moving icehouse, set up/drill holes",14,Winter Activities
Winter Activities,Ice fishing,14,Winter Activities
Winter Activities,"Skating, ice dancing",14,Winter Activities
Winter Activities,"Skating, ice, 9 mph or less",14,Winter Activities
Winter Activities,"Skating, ice, general (Taylor Code 360)",14,Winter Activities
Winter Activities,"Skating, ice, rapidly, more than 9 mph but not competitive",14,Winter Activities
Winter Activities,"Skating Treadmill, 6 - 6.9 mph, 2% grade",14,Winter Activities
Winter Activities,"Skating Treadmill, 7 - 7.9 mph, 2% grade",14,Winter Activities
Winter Activities,"Skating Treadmill, 8 - 8.9 mph, 2% grade",14,Winter Activities
Winter Activities,"Skating Treadmill, 9 - 9.9 mph, 2% grade",14,Winter Activities
Winter Activities,"Skating, speed, competitive",14,Winter Activities
Winter Activities,"Ski jumping, climb up carrying skis",14,Winter Activities
Winter Activities,"Skiing, general",14,Winter Activities
Winter Activities,"Skiing, cross country, 2.5 mph, slow or light effort, ski walking",14,Winter Activities
Winter Activities,"Skiing, cross country, 4.0-4.9 mph, moderate speed and effort, general",14,Winter Activities
Winter Activities,"Skiing, cross country, 5.0-7.9 mph, brisk speed, vigorous effort",14,Winter Activities
Winter Activities,"Skiing, cross country, elite skier, >8.0-11.9 mph, racing",14,Winter Activities
Winter Activities,"Skiing, cross country, 12-16 mph, elite skier, racing",14,Winter Activities
Winter Activities,"Skiing, cross-country skiing high-intensity training",14,Winter Activities
Winter Activities,"Skiing, cross country, hard snow, uphill, maximum, snow mountaineering",14,Winter Activities
Winter Activities,"Skiing, cross-country, skating",14,Winter Activities
Winter Activities,"Skiing, cross-country, biathlon, skating technique",14,Winter Activities
Winter Activities,"Biathlon training, 5 degree incline, 8 km/h (5 mph), with/without rifle",14,Winter Activities
Winter Activities,"Biathlon training, 5 degree incline, 10.7 km/h (5 mph), with/without rifle",14,Winter Activities
Winter Activities,"Skiing, slalom",14,Winter Activities
Winter Activities,"Skiing, downhill, alpine or snowboarding, light effort, active time only",14,Winter Activities
Winter Activities,"Skiing, downhill, alpine or snowboarding, moderate effort, general, active time only",14,Winter Activities
Winter Activities,"Skiing, downhill, alpine or snowboarding, vigorous effort, active time only",14,Winter Activities
Winter Activities,"Skiing, Alpine skiing high-intensity training",14,Winter Activities
Winter Activities,"Sledding, tobogganing, bobsledding, luge (Taylor Code 370)",1,Sports + Water Activities + Walking
Winter Activities,"Snow shoeing, moderate effort",14,Winter Activities
Winter Activities,"Snow shoeing, vigorous effort",14,Winter Activities
Winter Activities,"Snowmobiling, driving, moderate pace, flat land",14,Winter Activities
Winter Activities,"Snowboarding, recreational, moderate pace, mountain",14,Winter Activities
Winter Activities,"Snowmobiling, passenger, light",14,Winter Activities
Winter Activities,"Snow shoveling, by hand, moderate effort",14,Winter Activities
Winter Activities,"Snow shoveling, by hand, vigorous effort",14,Winter Activities
Winter Activities,"Snow blower, walking and pushing",14,Winter Activities
Winter Activities,"Skiing, roller, elite racers",14,Winter Activities
Winter Activities,"Rollerskiing, 10 - 12.9 km/h, no incline",14,Winter Activities
Winter Activities,"Rollerskiing, 13 - 16.9 km/h, no incline",14,Winter Activities
Winter Activities,"Rollerskiing, 17 - 19.9 km/h, no incline",14,Winter Activities
Winter Activities,"Rollerskiing, 20 - 23.9 km/h, no incline",14,Winter Activities
Winter Activities,"Rollerskiing, 24 - 27.9 km/h, no incline",14,Winter Activities
Winter Activities,"Rollerskiing, 10-15 km/h, 2-5 degree incline",14,Winter Activities
Winter Activities,"Rollerskiing, 16-22 km/h, 2-5 degree incline",14,Winter Activities
Winter Activities,"Rollerskiing, 6-9 km/h, 6-10 degree incline",14,Winter Activities
Winter Activities,"Rollerskiing, >10 km/h, 6-10 degree incline",14,Winter Activities
Winter Activities,"Mountaineering, downhill climbing, walking down with rope",14,Winter Activities
Winter Activities,"Mountaineering, downhill climbing/cross-country skiing",14,Winter Activities
Religious Activities,"Sitting in church, in service, attending a ceremony, sitting quietly",15,Religious Activities + Inactivity + Volunteer Activities
Religious Activities,"Sitting, playing an instrument at church",15,Religious Activities + Inactivity + Volunteer Activities
Religious Activities,"Sitting in church, talking or singing, attending a ceremony, sitting, active participation",15,Religious Activities + Inactivity + Volunteer Activities
Religious Activities,"Sitting, reading religious materials at home",15,Religious Activities + Inactivity + Volunteer Activities
Religious Activities,"Standing quietly in church, attending a ceremony",15,Religious Activities + Inactivity + Volunteer Activities
Religious Activities,"Standing, singing in church, attending a ceremony, standing, active participation",15,Religious Activities + Inactivity + Volunteer Activities
Religious Activities,"Kneeling in church or at home, praying",15,Religious Activities + Inactivity + Volunteer Activities
Religious Activities,"Standing, talking in church",15,Religious Activities + Inactivity + Volunteer Activities
Religious Activities,Walking in church,15,Religious Activities + Inactivity + Volunteer Activities
Religious Activities,"Walking, less than 2.0 mph, very slow",9,Walking / Occupation
Religious Activities,"Walking, 2.8 to 3.4 mph, moderate speed, not carrying anything",9,Walking / Occupation
Religious Activities,"Walking, 3.5 to 3.9 mph, brisk speed, not carrying anything",9,Walking / Occupation
Religious Activities,"Walk/stand combination for religious purposes, usher",15,Religious Activities + Inactivity + Volunteer Activities
Religious Activities,"Praise with dance or run, spiritual dancing in church",15,Religious Activities + Inactivity + Volunteer Activities
Religious Activities,Serving food at church,15,Religious Activities + Inactivity + Volunteer Activities
Religious Activities,Preparing food at church,15,Religious Activities + Inactivity + Volunteer Activities
Religious Activities,"Washing dishes, cleaning kitchen at church",15,Religious Activities + Inactivity + Volunteer Activities
Religious Activities,Eating at church,15,Religious Activities + Inactivity + Volunteer Activities
Religious Activities,"Eating/talking at church or standing eating, American Indian Feast days",15,Religious Activities + Inactivity + Volunteer Activities
Religious Activities,Cleaning church,15,Religious Activities + Inactivity + Volunteer Activities
Religious Activities,General yard work at church,15,Religious Activities + Inactivity + Volunteer Activities
Religious Activities,"Standing , moderate effort (e.g., lifting heavy objects, assembling at fast rate)",15,Religious Activities + Inactivity + Volunteer Activities
Religious Activities,"Standing, moderate-to-heavy effort, manual labor, lifting ≥ 50 lbs, heavy maintenance",15,Religious Activities + Inactivity + Volunteer Activities
Religious Activities,"Typing, electric, manual, or computer",15,Religious Activities + Inactivity + Volunteer Activities
Volunteer Activities,"Sitting, meeting, general, and/or with talking involved",15,Religious Activities + Inactivity + Volunteer Activities
Volunteer Activities,"Sitting, light office work, in general",15,Religious Activities + Inactivity + Volunteer Activities
Volunteer Activities,"Sitting, moderate work",15,Religious Activities + Inactivity + Volunteer Activities
Volunteer Activities,"Standing, light work (filing, talking, assembling)",15,Religious Activities + Inactivity + Volunteer Activities
Volunteer Activities,"Sitting, child care, only active periods",15,Religious Activities + Inactivity + Volunteer Activities
Volunteer Activities,"Standing, child care, only active periods",15,Religious Activities + Inactivity + Volunteer Activities
Volunteer Activities,"Walk/run play with children, moderate, only active periods",15,Religious Activities + Inactivity + Volunteer Activities
Volunteer Activities,"Walk/run play with children, vigorous, only active periods",15,Religious Activities + Inactivity + Volunteer Activities
Volunteer Activities,"Standing, light/moderate work (e.g., pack boxes, assemble/repair, set up chairs/furniture)",15,Religious Activities + Inactivity + Volunteer Activities
Volunteer Activities,"Standing, moderate (e.g., lifting 50 lbs., assembling at fast rate)",15,Religious Activities + Inactivity + Volunteer Activities
Volunteer Activities,"Standing, moderate/heavy work",15,Religious Activities + Inactivity + Volunteer Activities
Volunteer Activities,"Typing, electric, manual, or computer",15,Religious Activities + Inactivity + Volunteer Activities
Volunteer Activities,"Walking, less than 2.0 mph, very slow",9,Walking / Occupation
Volunteer Activities,"Walking, 2.8 to 3.4 mph, moderate speed, not carrying anything",9,Walking / Occupation
Volunteer Activities,"Walking, 3.5 to 3.9 mph, brisk speed, not carrying anything",9,Walking / Occupation
Volunteer Activities,"Walking, 2.5 mph slowly and carrying objects less than 25 pounds",9,Walking / Occupation
Volunteer Activities,"Walking, 3.0 mph moderately and carrying objects less than 25 pounds, pushing something",9,Walking / Occupation
Volunteer Activities,"Walking, 3.5 mph, briskly and carrying objects less than 25 pounds",9,Walking / Occupation
Volunteer Activities,"Walk/stand combination, for volunteer purposes",15,Religious Activities + Inactivity + Volunteer Activities
Video Games,"Seated, video game, handheld controller (inactive)",15,Religious Activities + Inactivity + Volunteer Activities
Video Games,"Video game, handheld controller (light effort)",15,Religious Activities + Inactivity + Volunteer Activities
Video Games,"Video game, light effort (Wii Fit, yoga, bowling, etc)",15,Religious Activities + Inactivity + Volunteer Activities
Video Games,"Active video game, motion sensing game/using upper body (light to moderate effort)",15,Religious Activities + Inactivity + Volunteer Activities
Video Games,"Active video game, motion sensing game/using total body (moderate effort)",15,Religious Activities + Inactivity + Volunteer Activities
Video Games,"Active video game, motion sensing game/using total body (moderate-to-vigorous effort)",15,Religious Activities + Inactivity + Volunteer Activities
Video Games,"Active video game, motion sensing game/using total body, exergames, workouts, dancing (vigorous effort)",15,Religious Activities + Inactivity + Volunteer Activities
Video Games,"Conditioning/exercise virtual reality fitness, vigorous intensity",2,Conditioning Exercise
