User_ID,Date,Mood_Score,Sleep_Hours,Sleep_Quality,Screen_Time_Hours,Physical_Activity_Min,Social_Interaction_Hours,Work_Productivity_Score,Weather,Diet_Quality,Stress_Level
U001,2023-06-01,5,8.5,Fair,10.0,14,1.1,6,Rainy,Poor,5
U001,2023-06-02,6,8.0,Good,4.8,0,3.4,6,Cloudy,Average,4
U001,2023-06-03,7,7.4,Good,3.5,38,2.3,8,Cloudy,Good,6
U001,2023-06-04,3,7.9,Fair,4.5,46,0.9,5,Rainy,Average,7
U001,2023-06-05,4,6.9,Good,2.5,7,0.0,4,Cloudy,Good,7
U001,2023-06-06,7,5.8,Excellent,1.4,39,1.8,8,Sunny,Good,3
U001,2023-06-07,10,8.6,Poor,4.6,40,3.2,10,Rainy,Good,2
U001,2023-06-08,9,6.1,Good,6.7,35,2.3,10,Rainy,Average,1
U001,2023-06-09,4,10.0,Excellent,4.0,39,3.4,7,Sunny,Average,6
U001,2023-06-10,5,8.3,Excellent,8.2,62,1.2,8,Cloudy,Good,5
U001,2023-06-11,8,6.3,Good,6.4,36,0.3,9,Cloudy,Average,1
U001,2023-06-12,2,8.8,Good,5.4,15,4.4,3,Rainy,Good,9
U001,2023-06-13,10,5.4,Good,6.7,25,2.1,10,Rainy,Good,1
U001,2023-06-14,8,6.5,Fair,4.4,34,1.4,9,Sunny,Good,1
U001,2023-06-15,10,8.0,Fair,4.0,62,0.0,10,Cloudy,Poor,1
U001,2023-06-16,7,7.7,Good,3.8,10,0.1,8,Cloudy,Good,3
U001,2023-06-17,7,7.2,Good,6.6,29,1.5,8,Rainy,Average,3
U001,2023-06-18,6,7.9,Good,8.3,27,0.9,7,Rainy,Average,6
U001,2023-06-19,7,5.0,Poor,6.0,34,4.0,7,Rainy,Average,5
U001,2023-06-20,6,7.8,Excellent,5.1,0,4.5,6,Sunny,Good,5
U001,2023-06-21,6,7.2,Poor,4.5,14,1.7,7,Sunny,Good,4
U001,2023-06-22,2,7.5,Good,5.7,40,2.7,4,Rainy,Good,9
U001,2023-06-23,4,7.2,Excellent,4.7,27,0.3,5,Sunny,Average,7
U001,2023-06-24,3,4.9,Poor,7.4,13,2.9,2,Cloudy,Good,6
U001,2023-06-25,8,7.1,Excellent,9.8,18,1.5,9,Cloudy,Poor,1
U001,2023-06-26,4,5.3,Excellent,4.6,35,3.3,4,Cloudy,Good,5
U001,2023-06-27,4,9.6,Good,5.3,48,3.2,7,Rainy,Average,6
U001,2023-06-28,3,6.5,Fair,4.9,12,4.3,3,Cloudy,Good,7
U001,2023-06-29,7,7.4,Fair,4.7,46,1.0,9,Cloudy,Poor,3
U001,2023-06-30,7,8.9,Poor,8.2,13,0.9,8,Sunny,Good,4
U002,2023-06-01,6,9.1,Good,5.9,48,2.2,9,Rainy,Good,4
U002,2023-06-02,8,3.9,Poor,5.1,28,0.0,7,Sunny,Average,1
U002,2023-06-03,9,8.1,Good,4.6,37,3.2,10,Cloudy,Average,3
U002,2023-06-04,8,5.2,Good,5.6,25,4.1,8,Sunny,Poor,1
U002,2023-06-05,6,7.8,Excellent,2.6,35,1.8,8,Sunny,Good,4
U002,2023-06-06,2,6.3,Good,1.5,25,3.5,2,Rainy,Good,9
U002,2023-06-07,7,7.6,Good,5.8,50,0.0,9,Rainy,Average,5
U002,2023-06-08,6,8.4,Good,3.9,21,0.0,7,Cloudy,Good,6
U002,2023-06-09,7,6.1,Excellent,6.8,28,3.6,7,Cloudy,Good,3
U002,2023-06-10,5,7.1,Poor,4.9,35,3.2,6,Rainy,Average,6
U002,2023-06-11,6,7.3,Good,1.0,22,3.4,7,Rainy,Good,3
U002,2023-06-12,8,7.6,Excellent,8.5,28,1.5,9,Sunny,Average,3
U002,2023-06-13,4,6.1,Excellent,4.1,40,3.5,5,Rainy,Average,7
U002,2023-06-14,6,7.2,Excellent,3.9,34,2.7,7,Cloudy,Good,5
U002,2023-06-15,5,6.9,Good,2.5,35,4.3,6,Rainy,Average,5
U002,2023-06-16,4,6.2,Good,8.2,22,2.5,4,Sunny,Good,6
U002,2023-06-17,7,8.1,Fair,1.7,22,0.4,8,Rainy,Good,4
U002,2023-06-18,3,5.2,Fair,6.0,34,0.7,3,Sunny,Good,6
U002,2023-06-19,4,5.7,Excellent,2.8,65,1.4,6,Rainy,Good,6
U002,2023-06-20,5,5.6,Excellent,3.4,24,1.1,5,Sunny,Average,3
U002,2023-06-21,7,7.3,Good,5.6,23,1.8,8,Rainy,Average,2
U002,2023-06-22,4,5.6,Fair,6.1,21,2.0,4,Rainy,Poor,4
U002,2023-06-23,8,8.6,Excellent,6.7,40,1.5,10,Sunny,Average,2
U002,2023-06-24,5,5.6,Excellent,4.6,23,0.0,5,Rainy,Average,5
U002,2023-06-25,3,4.8,Excellent,3.7,32,2.9,3,Cloudy,Good,8
U002,2023-06-26,5,8.8,Excellent,6.2,38,2.3,7,Sunny,Average,6
U002,2023-06-27,8,5.9,Fair,8.3,33,2.6,9,Rainy,Average,4
U002,2023-06-28,7,7.4,Excellent,5.3,17,3.0,8,Rainy,Average,4
U002,2023-06-29,5,4.5,Good,4.2,0,0.7,4,Rainy,Good,5
U002,2023-06-30,6,4.9,Fair,7.1,53,1.1,7,Sunny,Good,3
U003,2023-06-01,3,5.5,Excellent,5.5,29,3.3,3,Rainy,Good,5
U003,2023-06-02,6,6.3,Poor,3.3,51,0.2,7,Sunny,Average,5
U003,2023-06-03,7,7.7,Good,5.2,34,0.0,8,Cloudy,Average,4
U003,2023-06-04,10,10.0,Fair,3.0,49,1.4,10,Sunny,Good,1
U003,2023-06-05,4,6.0,Good,2.9,27,0.4,4,Sunny,Poor,4
U003,2023-06-06,6,5.9,Excellent,3.2,37,1.3,7,Rainy,Good,4
U003,2023-06-07,4,4.5,Good,4.0,65,3.2,5,Rainy,Average,8
U003,2023-06-08,3,8.0,Poor,6.3,13,2.6,4,Rainy,Poor,8
U003,2023-06-09,2,7.4,Fair,7.2,15,4.8,3,Cloudy,Good,7
U003,2023-06-10,6,6.2,Excellent,5.4,1,3.1,6,Rainy,Average,4
U003,2023-06-11,6,7.5,Fair,6.9,11,0.2,7,Rainy,Good,4
U003,2023-06-12,1,3.5,Poor,3.6,31,0.7,1,Rainy,Good,10
U003,2023-06-13,5,9.0,Fair,2.0,1,1.3,6,Rainy,Good,5
U003,2023-06-14,8,8.5,Excellent,5.6,30,2.5,10,Rainy,Good,2
U003,2023-06-15,1,8.4,Excellent,5.1,42,2.5,3,Sunny,Good,7
U003,2023-06-16,6,10.0,Excellent,4.0,7,3.0,8,Cloudy,Good,5
U003,2023-06-17,2,4.3,Fair,3.8,0,0.2,1,Cloudy,Good,9
U003,2023-06-18,4,6.4,Excellent,4.2,21,3.2,4,Cloudy,Average,6
U003,2023-06-19,7,7.9,Excellent,11.2,27,1.1,8,Rainy,Average,3
U003,2023-06-20,4,7.2,Excellent,5.0,30,0.0,5,Sunny,Average,6
U003,2023-06-21,7,5.8,Fair,4.0,19,4.8,7,Sunny,Good,4
U003,2023-06-22,9,9.5,Good,4.6,40,0.7,10,Cloudy,Good,1
U003,2023-06-23,5,7.9,Excellent,4.5,45,0.7,7,Cloudy,Good,6
U003,2023-06-24,8,5.2,Good,8.3,15,1.2,8,Sunny,Average,2
U003,2023-06-25,10,6.9,Fair,4.1,46,0.6,10,Sunny,Good,1
U003,2023-06-26,5,7.9,Excellent,6.8,17,0.1,6,Rainy,Poor,5
U003,2023-06-27,4,5.4,Excellent,7.1,11,1.0,4,Sunny,Good,7
U003,2023-06-28,3,3.9,Good,4.2,17,0.2,2,Rainy,Good,8
U003,2023-06-29,3,7.3,Excellent,7.6,59,2.0,5,Sunny,Average,7
U003,2023-06-30,6,6.1,Fair,6.9,64,1.9,8,Sunny,Good,4
U004,2023-06-01,4,5.5,Good,5.7,7,0.0,3,Sunny,Average,5
U004,2023-06-02,3,5.9,Excellent,6.3,46,1.4,4,Cloudy,Poor,7
U004,2023-06-03,10,7.5,Good,5.1,2,3.2,10,Rainy,Average,1
U004,2023-06-04,7,6.6,Good,3.5,6,0.9,7,Cloudy,Average,3
U004,2023-06-05,8,8.4,Good,3.3,45,1.0,10,Rainy,Average,1
U004,2023-06-06,4,3.3,Excellent,5.2,51,2.5,4,Sunny,Average,4
U004,2023-06-07,6,7.8,Poor,1.7,26,0.1,7,Sunny,Average,4
U004,2023-06-08,8,9.8,Good,5.7,38,2.5,10,Sunny,Average,2
U004,2023-06-09,10,9.7,Excellent,6.1,39,1.2,10,Rainy,Good,1
U004,2023-06-10,7,6.9,Excellent,5.4,28,3.2,8,Rainy,Average,4
U004,2023-06-11,9,6.5,Excellent,3.2,15,3.2,9,Sunny,Good,4
U004,2023-06-12,9,8.2,Fair,2.0,29,3.4,10,Sunny,Good,1
U004,2023-06-13,5,5.5,Good,2.9,50,0.0,6,Cloudy,Average,4
U004,2023-06-14,7,3.0,Excellent,3.7,18,1.1,6,Rainy,Average,4
U004,2023-06-15,10,9.3,Poor,2.9,49,3.4,10,Cloudy,Good,1
U004,2023-06-16,8,6.7,Excellent,2.0,43,3.1,9,Rainy,Poor,2
U004,2023-06-17,8,8.0,Excellent,3.8,29,1.3,9,Rainy,Good,2
U004,2023-06-18,5,5.5,Excellent,3.7,36,1.8,5,Rainy,Average,6
U004,2023-06-19,8,9.4,Good,8.2,43,1.1,10,Cloudy,Good,2
U004,2023-06-20,10,7.3,Good,4.5,50,1.2,10,Rainy,Average,1
U004,2023-06-21,8,5.5,Good,4.9,22,1.4,8,Rainy,Good,2
U004,2023-06-22,7,6.6,Good,9.6,33,0.0,8,Sunny,Good,2
U004,2023-06-23,2,7.0,Fair,4.1,49,3.8,4,Sunny,Good,10
U004,2023-06-24,4,3.8,Good,3.9,25,0.5,3,Rainy,Good,5
U004,2023-06-25,5,6.3,Excellent,2.1,7,3.6,5,Cloudy,Good,2
U004,2023-06-26,8,10.0,Poor,2.0,20,0.0,10,Rainy,Good,1
U004,2023-06-27,5,4.9,Good,7.0,30,1.5,5,Cloudy,Good,6
U004,2023-06-28,6,7.9,Fair,3.5,24,1.6,7,Sunny,Good,6
U004,2023-06-29,6,6.5,Excellent,10.4,52,1.3,7,Cloudy,Poor,3
U004,2023-06-30,9,9.7,Good,5.7,38,2.9,10,Cloudy,Good,1
U005,2023-06-01,7,6.4,Good,3.9,25,4.6,8,Sunny,Good,1
U005,2023-06-02,9,7.2,Good,6.3,45,1.9,10,Sunny,Good,1
U005,2023-06-03,6,7.6,Excellent,5.7,37,2.9,8,Cloudy,Good,4
U005,2023-06-04,8,5.4,Excellent,6.9,17,2.8,8,Rainy,Good,2
U005,2023-06-05,6,5.8,Poor,3.8,35,3.5,7,Sunny,Good,5
U005,2023-06-06,4,3.1,Good,4.8,35,0.9,3,Sunny,Good,7
U005,2023-06-07,6,5.1,Excellent,5.6,19,0.5,6,Rainy,Good,4
U005,2023-06-08,7,4.0,Excellent,2.7,52,0.9,7,Cloudy,Good,4
U005,2023-06-09,7,8.0,Excellent,10.1,23,2.3,8,Rainy,Good,4
U005,2023-06-10,2,6.3,Poor,1.5,41,0.0,3,Rainy,Good,8
U005,2023-06-11,4,6.5,Good,7.2,32,4.5,5,Rainy,Good,6
U005,2023-06-12,8,7.4,Excellent,6.3,10,2.7,9,Rainy,Poor,2
U005,2023-06-13,3,6.8,Fair,4.0,60,3.1,5,Rainy,Good,9
U005,2023-06-14,8,10.0,Good,5.2,28,1.6,10,Cloudy,Average,2
U005,2023-06-15,4,5.8,Good,2.3,0,4.6,3,Sunny,Good,6
U005,2023-06-16,5,7.1,Excellent,5.8,60,2.4,7,Cloudy,Average,5
U005,2023-06-17,9,7.6,Good,6.2,44,0.0,10,Sunny,Good,1
U005,2023-06-18,9,9.8,Good,5.7,5,0.7,10,Cloudy,Average,1
U005,2023-06-19,6,7.6,Excellent,5.8,35,0.0,7,Sunny,Good,3
U005,2023-06-20,6,7.9,Fair,4.5,23,2.6,7,Rainy,Average,4
U005,2023-06-21,8,4.8,Fair,6.2,9,0.0,7,Cloudy,Good,2
U005,2023-06-22,7,8.1,Good,5.8,22,2.0,8,Sunny,Good,3
U005,2023-06-23,6,8.2,Excellent,2.1,12,1.4,7,Rainy,Good,5
U005,2023-06-24,8,8.7,Good,6.3,45,4.2,10,Sunny,Good,3
U005,2023-06-25,4,8.9,Excellent,3.7,29,6.1,6,Cloudy,Good,6
U005,2023-06-26,5,6.1,Excellent,3.4,38,3.9,6,Rainy,Good,4
U005,2023-06-27,7,7.7,Fair,4.9,31,0.3,8,Rainy,Good,1
U005,2023-06-28,7,7.3,Excellent,6.5,51,3.4,9,Sunny,Average,4
U005,2023-06-29,3,7.0,Fair,5.9,42,3.1,4,Cloudy,Average,6
U005,2023-06-30,6,7.1,Fair,4.3,15,3.1,7,Rainy,Average,4
U006,2023-06-01,4,8.7,Fair,6.8,22,0.3,6,Sunny,Average,5
U006,2023-06-02,8,6.3,Fair,4.0,10,0.7,8,Sunny,Good,2
U006,2023-06-03,6,10.0,Excellent,5.1,45,0.5,9,Cloudy,Good,1
U006,2023-06-04,3,5.2,Excellent,5.0,51,1.3,4,Sunny,Average,7
U006,2023-06-05,2,5.6,Fair,5.0,46,1.2,3,Cloudy,Average,8
U006,2023-06-06,2,5.9,Good,3.0,12,4.8,2,Cloudy,Poor,7
U006,2023-06-07,3,5.1,Good,3.0,19,4.3,3,Sunny,Good,8
U006,2023-06-08,8,6.8,Good,2.7,40,0.5,9,Rainy,Good,2
U006,2023-06-09,6,8.7,Fair,9.2,19,1.1,7,Rainy,Good,6
U006,2023-06-10,6,7.0,Fair,3.3,12,2.1,6,Rainy,Average,3
U006,2023-06-11,3,4.8,Good,4.0,33,2.9,3,Rainy,Good,6
U006,2023-06-12,8,6.8,Fair,6.3,17,4.9,8,Rainy,Good,3
U006,2023-06-13,6,7.4,Excellent,8.5,56,3.7,8,Sunny,Average,4
U006,2023-06-14,6,6.5,Poor,3.7,28,4.4,7,Rainy,Average,3
U006,2023-06-15,7,6.9,Excellent,5.0,25,2.2,8,Cloudy,Good,4
U006,2023-06-16,6,7.7,Good,5.8,33,0.0,7,Sunny,Good,4
U006,2023-06-17,5,9.3,Poor,3.5,43,2.6,8,Rainy,Average,3
U006,2023-06-18,7,6.5,Poor,4.3,24,3.5,8,Rainy,Average,1
U006,2023-06-19,6,8.2,Good,5.4,65,3.6,9,Sunny,Good,4
U006,2023-06-20,6,7.7,Poor,5.9,42,2.7,8,Cloudy,Good,6
U006,2023-06-21,7,7.1,Fair,8.2,26,2.3,8,Rainy,Average,3
U006,2023-06-22,4,5.7,Poor,3.2,0,0.6,3,Sunny,Good,6
U006,2023-06-23,5,7.2,Good,4.1,45,0.4,7,Rainy,Good,5
U006,2023-06-24,7,8.0,Good,5.6,19,3.0,8,Cloudy,Average,2
U006,2023-06-25,6,9.0,Poor,4.3,35,2.4,8,Rainy,Average,4
U006,2023-06-26,9,7.8,Poor,7.1,2,3.4,9,Sunny,Good,1
U006,2023-06-27,6,7.6,Good,3.6,36,4.0,8,Cloudy,Average,3
U006,2023-06-28,4,7.3,Fair,5.6,23,3.9,5,Cloudy,Average,7
U006,2023-06-29,7,6.1,Fair,1.0,0,3.5,7,Sunny,Good,2
U006,2023-06-30,8,6.1,Good,5.3,68,6.1,10,Cloudy,Good,3
U007,2023-06-01,7,9.6,Excellent,8.1,25,1.8,9,Rainy,Average,1
U007,2023-06-02,9,6.0,Good,4.1,44,0.2,10,Sunny,Good,1
U007,2023-06-03,9,7.0,Excellent,4.9,22,4.0,10,Cloudy,Good,1
U007,2023-06-04,1,6.3,Good,6.0,36,1.1,2,Rainy,Poor,7
U007,2023-06-05,10,7.4,Excellent,5.1,21,3.1,10,Sunny,Good,1
U007,2023-06-06,7,9.2,Good,10.2,0,1.6,8,Rainy,Good,2
U007,2023-06-07,8,8.0,Excellent,7.0,20,1.7,9,Rainy,Good,3
U007,2023-06-08,10,9.7,Good,3.2,34,1.1,10,Sunny,Poor,1
U007,2023-06-09,7,7.0,Excellent,3.3,50,3.6,9,Sunny,Good,3
U007,2023-06-10,7,8.0,Fair,6.8,35,3.9,9,Sunny,Average,4
U007,2023-06-11,7,6.6,Poor,4.4,10,1.8,7,Rainy,Average,3
U007,2023-06-12,9,7.9,Excellent,4.7,34,2.3,10,Cloudy,Average,2
U007,2023-06-13,5,4.2,Excellent,6.2,35,0.1,5,Sunny,Good,5
U007,2023-06-14,6,5.8,Excellent,7.9,30,1.2,6,Sunny,Good,5
U007,2023-06-15,5,6.4,Good,5.1,40,2.0,6,Rainy,Good,4
U007,2023-06-16,4,7.2,Excellent,5.0,22,2.7,5,Sunny,Good,6
U007,2023-06-17,4,5.5,Good,3.0,31,3.2,4,Cloudy,Average,5
U007,2023-06-18,10,6.3,Good,1.9,7,2.9,10,Rainy,Good,1
U007,2023-06-19,7,8.2,Good,5.8,31,2.2,9,Rainy,Good,2
U007,2023-06-20,9,8.9,Good,4.3,33,1.6,10,Sunny,Good,1
U007,2023-06-21,5,5.5,Fair,4.3,40,4.8,6,Sunny,Average,4
U007,2023-06-22,5,6.0,Good,6.2,21,2.6,5,Cloudy,Average,6
U007,2023-06-23,9,9.9,Good,6.4,33,2.8,10,Sunny,Good,2
U007,2023-06-24,7,7.0,Excellent,2.9,28,2.3,8,Rainy,Good,5
U007,2023-06-25,5,5.5,Excellent,5.4,27,4.1,5,Rainy,Good,5
U007,2023-06-26,6,7.4,Good,8.7,22,1.7,7,Sunny,Good,3
U007,2023-06-27,2,5.0,Good,5.6,33,4.2,2,Rainy,Good,9
U007,2023-06-28,5,8.7,Poor,2.9,12,0.8,6,Rainy,Good,6
U007,2023-06-29,2,4.9,Excellent,6.1,14,5.3,1,Sunny,Poor,7
U007,2023-06-30,7,8.0,Excellent,4.2,28,1.8,8,Sunny,Good,3
U008,2023-06-01,10,7.8,Good,3.8,20,1.5,10,Sunny,Good,1
U008,2023-06-02,5,6.7,Excellent,3.5,7,0.0,5,Cloudy,Good,5
U008,2023-06-03,3,6.3,Fair,5.4,76,2.2,5,Sunny,Good,7
U008,2023-06-04,7,8.2,Good,7.0,21,1.1,8,Cloudy,Average,3
U008,2023-06-05,2,4.7,Excellent,6.0,7,2.4,1,Sunny,Average,8
U008,2023-06-06,10,7.6,Excellent,3.9,23,0.0,10,Sunny,Good,1
U008,2023-06-07,5,7.4,Good,5.3,68,1.9,7,Rainy,Average,9
U008,2023-06-08,4,9.2,Excellent,1.4,42,2.5,6,Rainy,Good,5
U008,2023-06-09,4,6.2,Good,2.9,41,5.3,5,Sunny,Average,6
U008,2023-06-10,6,6.1,Good,4.7,36,1.0,7,Rainy,Average,3
U008,2023-06-11,7,6.0,Good,7.8,14,0.5,7,Rainy,Average,2
U008,2023-06-12,2,4.3,Good,5.0,41,2.2,2,Sunny,Average,8
U008,2023-06-13,5,5.8,Excellent,4.9,24,2.3,5,Cloudy,Good,6
U008,2023-06-14,5,7.9,Poor,6.6,31,3.1,6,Rainy,Good,5
U008,2023-06-15,3,4.7,Excellent,4.1,44,2.6,3,Cloudy,Good,7
U008,2023-06-16,6,6.6,Good,5.1,24,1.9,7,Rainy,Good,3
U008,2023-06-17,10,10.0,Good,8.0,13,1.9,10,Cloudy,Good,1
U008,2023-06-18,8,6.9,Excellent,6.8,23,1.0,9,Cloudy,Average,3
U008,2023-06-19,4,8.5,Poor,6.4,34,1.8,6,Cloudy,Average,6
U008,2023-06-20,5,6.2,Poor,5.0,4,2.6,5,Sunny,Good,6
U008,2023-06-21,3,9.0,Excellent,4.6,42,1.1,5,Sunny,Poor,6
U008,2023-06-22,5,5.9,Poor,6.8,41,2.2,6,Cloudy,Good,6
U008,2023-06-23,3,7.0,Excellent,2.8,37,0.9,4,Sunny,Good,7
U008,2023-06-24,5,5.7,Good,5.1,12,2.4,5,Cloudy,Good,6
U008,2023-06-25,8,7.6,Excellent,1.0,3,3.0,8,Cloudy,Good,2
U008,2023-06-26,6,6.1,Excellent,6.6,51,1.7,7,Cloudy,Good,3
U008,2023-06-27,2,6.4,Fair,3.6,17,1.9,2,Rainy,Good,7
U008,2023-06-28,7,6.2,Excellent,8.6,46,3.6,8,Cloudy,Poor,4
U008,2023-06-29,8,6.7,Excellent,4.8,28,0.9,9,Cloudy,Average,3
U008,2023-06-30,6,5.2,Excellent,3.8,39,1.8,6,Sunny,Average,4
U009,2023-06-01,2,8.5,Fair,6.7,41,3.2,4,Rainy,Good,9
U009,2023-06-02,6,8.3,Poor,6.0,23,3.2,7,Sunny,Average,6
U009,2023-06-03,5,8.3,Fair,4.5,41,1.6,7,Cloudy,Average,5
U009,2023-06-04,7,7.7,Excellent,4.7,41,0.1,9,Cloudy,Good,1
U009,2023-06-05,7,9.0,Excellent,6.8,32,0.0,9,Sunny,Average,4
U009,2023-06-06,7,6.2,Poor,3.1,17,2.4,7,Cloudy,Poor,3
U009,2023-06-07,4,6.1,Good,2.7,39,1.3,5,Sunny,Average,4
U009,2023-06-08,2,4.7,Good,4.0,32,3.3,2,Sunny,Average,8
U009,2023-06-09,6,7.4,Poor,1.9,32,0.6,7,Rainy,Good,4
U009,2023-06-10,3,6.0,Good,7.5,64,3.1,5,Rainy,Good,6
U009,2023-06-11,10,8.3,Excellent,11.3,38,1.6,10,Rainy,Good,1
U009,2023-06-12,5,8.1,Fair,8.7,16,3.4,6,Sunny,Good,6
U009,2023-06-13,7,5.9,Excellent,6.0,42,0.0,8,Sunny,Average,5
U009,2023-06-14,6,8.8,Excellent,7.8,28,0.9,8,Rainy,Good,5
U009,2023-06-15,8,8.6,Fair,5.1,12,2.0,9,Sunny,Good,1
U009,2023-06-16,5,7.6,Poor,6.7,20,1.8,6,Rainy,Good,4
U009,2023-06-17,4,4.7,Excellent,3.4,27,0.1,4,Sunny,Good,5
U009,2023-06-18,6,8.3,Fair,2.9,24,4.9,7,Sunny,Good,2
U009,2023-06-19,7,3.6,Good,5.1,45,0.0,7,Sunny,Good,4
U009,2023-06-20,4,7.0,Good,7.0,37,0.4,5,Cloudy,Good,5
U009,2023-06-21,5,6.4,Good,3.9,10,0.6,5,Cloudy,Good,5
U009,2023-06-22,5,6.1,Good,1.0,41,2.4,6,Sunny,Good,7
U009,2023-06-23,3,7.6,Good,5.7,19,1.5,4,Sunny,Poor,7
U009,2023-06-24,9,3.9,Good,5.3,36,1.3,9,Sunny,Poor,3
U009,2023-06-25,9,7.4,Excellent,2.1,26,3.6,10,Rainy,Good,2
U009,2023-06-26,5,7.0,Good,5.4,44,2.8,6,Rainy,Good,3
U009,2023-06-27,5,6.5,Fair,7.5,22,1.7,5,Cloudy,Average,4
U009,2023-06-28,8,8.2,Excellent,3.3,37,4.3,10,Cloudy,Good,1
U009,2023-06-29,8,7.5,Excellent,4.1,31,2.1,9,Sunny,Good,1
U009,2023-06-30,8,7.6,Excellent,4.8,35,0.9,9,Rainy,Good,1
U010,2023-06-01,8,8.1,Excellent,6.9,36,2.9,10,Cloudy,Average,2
U010,2023-06-02,8,7.9,Good,6.1,33,0.0,10,Sunny,Good,1
U010,2023-06-03,5,5.8,Good,3.2,0,0.6,4,Rainy,Good,5
U010,2023-06-04,5,7.9,Good,3.8,54,0.7,7,Rainy,Good,6
U010,2023-06-05,5,8.5,Good,10.0,30,1.1,7,Rainy,Good,3
U010,2023-06-06,10,8.0,Excellent,7.8,35,5.0,10,Sunny,Good,1
U010,2023-06-07,1,5.3,Poor,8.1,36,2.9,1,Cloudy,Good,9
U010,2023-06-08,6,7.1,Fair,8.4,46,0.5,8,Sunny,Good,2
U010,2023-06-09,7,5.6,Fair,4.4,11,2.5,7,Rainy,Good,3
U010,2023-06-10,8,7.1,Excellent,4.3,34,3.8,9,Cloudy,Good,2
U010,2023-06-11,6,6.9,Excellent,6.2,35,4.5,7,Sunny,Average,2
U010,2023-06-12,7,7.1,Good,4.2,50,3.6,9,Rainy,Poor,4
U010,2023-06-13,7,7.8,Excellent,2.7,62,2.0,9,Rainy,Average,3
U010,2023-06-14,5,6.4,Good,7.5,26,1.6,6,Sunny,Good,6
U010,2023-06-15,3,8.4,Poor,7.0,41,1.6,5,Cloudy,Average,8
U010,2023-06-16,6,7.5,Fair,5.5,11,2.9,7,Rainy,Good,4
U010,2023-06-17,5,5.0,Excellent,4.1,37,1.6,5,Rainy,Good,4
U010,2023-06-18,3,5.5,Excellent,5.5,36,2.5,3,Rainy,Good,9
U010,2023-06-19,5,7.3,Fair,6.0,41,2.4,7,Cloudy,Average,6
U010,2023-06-20,9,8.1,Good,6.8,30,3.9,10,Rainy,Good,3
U010,2023-06-21,9,6.1,Fair,3.4,25,0.6,9,Cloudy,Good,2
U010,2023-06-22,5,7.2,Excellent,3.0,14,0.8,6,Rainy,Average,4
U010,2023-06-23,3,4.7,Poor,2.0,20,1.3,3,Rainy,Good,6
U010,2023-06-24,5,5.4,Fair,4.6,38,5.1,5,Cloudy,Good,4
U010,2023-06-25,3,6.9,Good,8.0,30,3.5,4,Cloudy,Average,7
U010,2023-06-26,9,8.1,Excellent,2.2,8,2.4,10,Sunny,Good,1
U010,2023-06-27,6,6.5,Good,5.8,29,0.0,7,Sunny,Average,4
U010,2023-06-28,6,7.9,Excellent,3.5,22,1.5,7,Rainy,Good,4
U010,2023-06-29,6,5.4,Excellent,6.3,38,4.4,6,Cloudy,Good,4
U010,2023-06-30,3,4.6,Good,4.7,30,3.3,3,Rainy,Poor,7
U011,2023-06-01,5,6.4,Good,1.0,22,0.0,5,Cloudy,Average,6
U011,2023-06-02,4,7.7,Excellent,3.0,29,4.6,5,Sunny,Good,5
U011,2023-06-03,8,10.0,Good,6.4,63,1.2,10,Rainy,Good,2
U011,2023-06-04,3,7.1,Excellent,2.6,40,2.8,4,Cloudy,Average,7
U011,2023-06-05,7,8.2,Excellent,5.0,27,2.3,8,Cloudy,Poor,3
U011,2023-06-06,8,9.5,Excellent,5.1,48,2.5,10,Sunny,Average,5
U011,2023-06-07,5,7.3,Poor,3.3,39,2.0,6,Rainy,Poor,5
U011,2023-06-08,9,5.9,Fair,6.2,51,1.6,10,Sunny,Good,1
U011,2023-06-09,7,5.6,Excellent,6.5,14,2.6,7,Sunny,Good,4
U011,2023-06-10,3,7.6,Good,5.8,39,0.3,5,Rainy,Average,6
U011,2023-06-11,8,6.9,Excellent,5.6,44,0.4,9,Rainy,Average,1
U011,2023-06-12,5,6.3,Poor,4.0,59,1.3,7,Rainy,Average,4
U011,2023-06-13,8,6.7,Fair,7.4,27,0.2,9,Sunny,Good,1
U011,2023-06-14,7,6.6,Good,9.1,33,2.0,8,Rainy,Good,5
U011,2023-06-15,9,8.2,Good,7.5,39,0.0,10,Cloudy,Good,1
U011,2023-06-16,6,7.9,Poor,6.0,51,2.8,8,Sunny,Average,4
U011,2023-06-17,6,10.0,Good,1.6,20,0.0,8,Rainy,Good,3
U011,2023-06-18,6,8.9,Fair,3.6,21,2.3,8,Cloudy,Poor,4
U011,2023-06-19,4,4.7,Poor,7.0,34,0.5,4,Sunny,Average,5
U011,2023-06-20,4,4.5,Good,3.4,17,2.3,3,Rainy,Good,7
U011,2023-06-21,6,4.7,Good,4.4,39,1.4,6,Rainy,Average,6
U011,2023-06-22,8,8.5,Poor,4.4,51,4.0,10,Sunny,Average,1
U011,2023-06-23,3,7.2,Excellent,6.9,32,1.4,4,Sunny,Poor,6
U011,2023-06-24,10,8.2,Poor,4.0,35,3.3,10,Rainy,Good,1
U011,2023-06-25,2,4.5,Good,5.9,11,5.0,1,Rainy,Good,8
U011,2023-06-26,8,5.7,Poor,4.5,30,2.1,8,Cloudy,Good,3
U011,2023-06-27,8,9.8,Good,7.1,38,1.1,10,Cloudy,Good,1
U011,2023-06-28,8,8.6,Good,8.0,44,3.1,10,Sunny,Good,1
U011,2023-06-29,10,6.1,Fair,2.8,48,1.0,10,Sunny,Good,1
U011,2023-06-30,3,4.9,Good,6.1,39,0.0,3,Cloudy,Average,7
U012,2023-06-01,4,7.3,Good,2.3,7,1.5,4,Sunny,Good,6
U012,2023-06-02,1,3.7,Good,4.8,50,2.7,1,Rainy,Good,9
U012,2023-06-03,6,6.7,Poor,5.3,3,4.4,6,Cloudy,Good,3
U012,2023-06-04,8,4.2,Good,5.9,69,1.9,9,Sunny,Good,1
U012,2023-06-05,7,9.4,Excellent,4.4,36,3.3,9,Rainy,Good,4
U012,2023-06-06,5,8.1,Excellent,4.1,15,3.4,6,Sunny,Good,5
U012,2023-06-07,7,7.4,Fair,7.1,33,1.1,8,Sunny,Good,5
U012,2023-06-08,5,7.6,Good,5.9,15,3.2,6,Sunny,Poor,5
U012,2023-06-09,8,7.2,Fair,7.4,33,3.1,9,Cloudy,Good,2
U012,2023-06-10,5,6.0,Fair,2.5,22,1.8,5,Cloudy,Average,6
U012,2023-06-11,6,7.0,Good,4.0,25,0.0,7,Sunny,Average,4
U012,2023-06-12,4,8.3,Excellent,3.3,61,1.7,7,Cloudy,Good,5
U012,2023-06-13,7,7.8,Excellent,2.8,10,0.3,8,Cloudy,Good,2
U012,2023-06-14,8,8.6,Good,1.4,38,2.2,10,Sunny,Good,3
U012,2023-06-15,8,9.4,Good,6.6,12,0.8,10,Rainy,Average,3
U012,2023-06-16,6,7.4,Good,6.6,24,7.0,7,Sunny,Good,4
U012,2023-06-17,4,8.6,Excellent,2.6,46,0.0,6,Rainy,Average,4
U012,2023-06-18,9,5.8,Poor,6.3,17,3.9,9,Sunny,Good,1
U012,2023-06-19,4,7.0,Excellent,7.9,13,0.0,4,Sunny,Good,6
U012,2023-06-20,7,6.4,Good,5.6,35,0.0,8,Sunny,Poor,3
U012,2023-06-21,5,7.6,Excellent,2.7,25,0.0,6,Cloudy,Average,5
U012,2023-06-22,2,7.4,Excellent,7.4,16,0.0,3,Rainy,Average,8
U012,2023-06-23,2,4.4,Good,4.9,25,4.7,2,Rainy,Good,8
U012,2023-06-24,7,5.0,Fair,9.5,21,3.8,7,Cloudy,Good,4
U012,2023-06-25,5,8.6,Good,6.2,18,0.6,6,Cloudy,Good,5
U012,2023-06-26,9,6.7,Fair,1.0,0,2.1,9,Sunny,Good,1
U012,2023-06-27,5,7.2,Good,8.0,38,0.8,6,Cloudy,Average,7
U012,2023-06-28,3,7.6,Good,3.4,59,1.4,5,Cloudy,Average,7
U012,2023-06-29,10,7.6,Excellent,6.2,37,2.1,10,Cloudy,Good,1
U012,2023-06-30,10,8.3,Good,3.6,21,5.0,10,Sunny,Average,1
U013,2023-06-01,8,7.9,Excellent,3.6,22,3.3,9,Cloudy,Good,2
U013,2023-06-02,6,5.9,Fair,5.4,36,1.1,7,Rainy,Good,5
U013,2023-06-03,6,6.6,Good,3.8,0,3.3,6,Rainy,Good,2
U013,2023-06-04,10,8.1,Good,3.3,23,2.0,10,Rainy,Average,1
U013,2023-06-05,3,6.8,Fair,7.5,50,0.2,5,Rainy,Good,7
U013,2023-06-06,4,5.6,Excellent,2.4,17,3.7,4,Rainy,Average,6
U013,2023-06-07,5,5.2,Good,5.4,51,1.5,6,Sunny,Good,4
U013,2023-06-08,5,7.9,Fair,7.6,40,0.0,7,Cloudy,Good,6
U013,2023-06-09,5,7.3,Good,8.1,30,1.9,6,Sunny,Poor,5
U013,2023-06-10,4,7.4,Excellent,3.9,24,0.2,5,Rainy,Good,6
U013,2023-06-11,5,7.4,Excellent,4.1,53,4.3,7,Cloudy,Average,6
U013,2023-06-12,6,6.3,Excellent,4.7,48,0.5,7,Cloudy,Good,4
U013,2023-06-13,8,9.0,Fair,5.0,47,3.4,10,Sunny,Average,2
U013,2023-06-14,5,6.0,Fair,7.1,22,3.8,5,Rainy,Poor,5
U013,2023-06-15,2,7.1,Poor,7.3,20,2.7,3,Rainy,Good,9
U013,2023-06-16,6,8.5,Good,4.1,24,4.6,8,Rainy,Good,8
U013,2023-06-17,2,6.7,Good,3.5,53,3.8,4,Sunny,Good,7
U013,2023-06-18,2,5.2,Fair,4.6,6,2.4,1,Cloudy,Good,10
U013,2023-06-19,7,7.5,Poor,3.1,16,3.5,8,Cloudy,Good,2
U013,2023-06-20,6,8.2,Fair,5.1,50,2.8,8,Sunny,Good,4
U013,2023-06-21,9,7.9,Fair,7.0,42,3.8,10,Sunny,Poor,1
U013,2023-06-22,7,7.6,Good,4.7,32,4.3,8,Sunny,Poor,2
U013,2023-06-23,3,5.6,Fair,4.8,34,1.6,3,Sunny,Good,6
U013,2023-06-24,7,6.9,Excellent,4.5,20,2.6,8,Sunny,Average,1
U013,2023-06-25,7,6.6,Fair,3.7,18,2.3,7,Rainy,Good,4
U013,2023-06-26,5,7.3,Fair,4.9,27,3.0,6,Sunny,Good,5
U013,2023-06-27,10,6.8,Excellent,5.8,21,1.3,10,Cloudy,Good,1
U013,2023-06-28,8,6.1,Excellent,5.1,29,3.0,9,Rainy,Good,1
U013,2023-06-29,7,5.1,Good,1.4,29,1.5,7,Cloudy,Good,2
U013,2023-06-30,6,8.2,Fair,4.1,37,4.1,8,Rainy,Good,3
U014,2023-06-01,8,7.7,Excellent,9.6,22,4.0,9,Sunny,Good,1
U014,2023-06-02,9,5.4,Good,1.8,48,0.3,10,Cloudy,Average,1
U014,2023-06-03,7,7.0,Good,5.8,24,2.5,8,Rainy,Good,3
U014,2023-06-04,9,6.2,Fair,3.3,31,2.0,10,Cloudy,Good,1
U014,2023-06-05,8,3.9,Excellent,4.9,9,3.9,7,Cloudy,Poor,3
U014,2023-06-06,4,6.5,Good,5.2,33,1.8,5,Sunny,Good,6
U014,2023-06-07,6,7.5,Good,6.1,37,2.2,7,Cloudy,Good,4
U014,2023-06-08,10,7.0,Fair,3.5,33,3.4,10,Sunny,Good,1
U014,2023-06-09,4,5.2,Fair,8.3,14,0.0,4,Sunny,Good,6
U014,2023-06-10,8,5.7,Good,2.5,28,1.4,8,Rainy,Average,2
U014,2023-06-11,5,7.8,Fair,6.0,9,2.4,6,Rainy,Good,6
U014,2023-06-12,5,4.8,Fair,4.8,25,5.5,5,Rainy,Good,6
U014,2023-06-13,3,7.7,Good,6.9,27,1.1,4,Cloudy,Good,6
U014,2023-06-14,4,7.0,Good,4.0,5,0.0,4,Sunny,Good,6
U014,2023-06-15,7,9.3,Fair,4.8,51,2.1,10,Sunny,Good,1
U014,2023-06-16,7,7.7,Fair,4.0,11,3.4,8,Sunny,Average,3
U014,2023-06-17,3,8.2,Good,7.4,27,0.0,4,Cloudy,Good,7
U014,2023-06-18,8,5.2,Good,5.2,36,2.3,8,Sunny,Good,2
U014,2023-06-19,7,5.7,Poor,7.8,29,0.7,7,Sunny,Good,3
U014,2023-06-20,3,6.2,Good,3.2,22,1.0,3,Sunny,Average,8
U014,2023-06-21,7,7.7,Fair,4.5,32,1.0,8,Cloudy,Good,4
U014,2023-06-22,5,7.1,Excellent,5.7,54,1.2,7,Sunny,Good,6
U014,2023-06-23,7,6.7,Good,6.5,14,2.8,7,Rainy,Good,4
U014,2023-06-24,4,5.6,Good,3.7,35,1.3,4,Rainy,Average,5
U014,2023-06-25,5,9.1,Good,7.3,16,2.5,7,Cloudy,Good,5
U014,2023-06-26,3,5.1,Good,5.5,23,5.1,3,Sunny,Good,6
U014,2023-06-27,3,6.3,Good,5.6,24,2.3,3,Cloudy,Poor,7
U014,2023-06-28,6,6.5,Poor,2.2,18,2.7,6,Sunny,Average,3
U014,2023-06-29,5,6.2,Fair,5.8,50,3.0,6,Rainy,Good,5
U014,2023-06-30,5,4.1,Fair,1.4,18,1.7,4,Cloudy,Poor,3
U015,2023-06-01,7,5.9,Good,5.5,17,2.5,7,Cloudy,Good,2
U015,2023-06-02,6,5.2,Fair,5.3,39,1.9,6,Cloudy,Good,5
U015,2023-06-03,3,7.5,Good,1.0,7,6.6,3,Cloudy,Good,8
U015,2023-06-04,6,3.0,Good,5.9,21,1.1,5,Sunny,Good,3
U015,2023-06-05,7,7.7,Excellent,4.9,44,0.3,9,Cloudy,Good,2
U015,2023-06-06,7,7.2,Fair,4.4,49,2.0,9,Sunny,Good,4
U015,2023-06-07,6,7.1,Poor,4.5,49,1.5,8,Rainy,Good,4
U015,2023-06-08,1,4.9,Fair,7.2,21,3.6,1,Sunny,Good,8
U015,2023-06-09,5,7.3,Excellent,3.2,41,2.8,7,Rainy,Good,4
U015,2023-06-10,2,7.6,Good,3.1,0,3.6,2,Rainy,Good,6
U015,2023-06-11,6,8.7,Fair,3.4,23,0.7,8,Rainy,Good,3
U015,2023-06-12,6,7.9,Poor,1.0,21,4.0,7,Cloudy,Good,4
U015,2023-06-13,6,5.7,Good,1.0,30,2.3,6,Rainy,Average,3
U015,2023-06-14,9,7.2,Fair,1.0,31,0.0,10,Rainy,Average,3
U015,2023-06-15,4,5.2,Excellent,7.6,29,3.1,4,Rainy,Poor,6
U015,2023-06-16,7,6.5,Excellent,2.8,18,3.0,7,Sunny,Good,4
U015,2023-06-17,8,10.0,Good,4.2,36,0.1,10,Rainy,Good,3
U015,2023-06-18,8,7.9,Good,1.9,37,3.4,10,Cloudy,Good,1
U015,2023-06-19,5,8.8,Good,3.3,30,3.6,7,Sunny,Good,4
U015,2023-06-20,3,6.2,Good,4.5,45,1.6,4,Rainy,Good,7
U015,2023-06-21,7,5.9,Fair,5.4,35,1.0,8,Cloudy,Poor,4
U015,2023-06-22,7,5.9,Fair,4.6,35,4.4,8,Cloudy,Good,3
U015,2023-06-23,2,6.6,Fair,4.4,22,2.9,3,Sunny,Good,9
U015,2023-06-24,8,7.3,Excellent,4.3,36,2.5,9,Cloudy,Good,1
U015,2023-06-25,8,5.6,Fair,2.1,30,3.8,8,Rainy,Average,2
U015,2023-06-26,5,9.7,Excellent,6.4,35,4.3,8,Sunny,Average,5
U015,2023-06-27,3,7.2,Fair,9.1,8,0.3,3,Rainy,Good,7
U015,2023-06-28,3,7.3,Excellent,4.8,42,1.3,5,Cloudy,Good,6
U015,2023-06-29,4,6.6,Good,2.5,24,1.7,5,Cloudy,Average,7
U015,2023-06-30,8,7.9,Fair,6.1,24,1.0,9,Cloudy,Average,2
U016,2023-06-01,10,7.3,Excellent,4.9,20,4.4,10,Rainy,Average,1
U016,2023-06-02,10,7.3,Excellent,5.4,29,3.6,10,Sunny,Average,1
U016,2023-06-03,8,5.2,Excellent,4.4,0,0.1,7,Sunny,Good,3
U016,2023-06-04,6,8.4,Good,4.8,63,0.0,9,Cloudy,Average,5
U016,2023-06-05,5,7.2,Fair,8.7,29,0.0,6,Sunny,Good,4
U016,2023-06-06,8,7.5,Poor,7.9,38,2.7,10,Sunny,Poor,2
U016,2023-06-07,8,7.6,Good,3.5,37,4.9,10,Cloudy,Good,2
U016,2023-06-08,5,6.6,Good,6.7,44,0.0,6,Rainy,Average,7
U016,2023-06-09,7,7.0,Good,5.2,32,3.1,8,Rainy,Average,3
U016,2023-06-10,6,8.1,Fair,6.9,0,2.8,7,Rainy,Good,6
U016,2023-06-11,8,5.7,Good,3.6,43,1.9,9,Cloudy,Average,1
U016,2023-06-12,7,8.8,Fair,3.9,16,1.5,8,Rainy,Good,2
U016,2023-06-13,3,7.2,Excellent,3.0,11,3.6,3,Rainy,Average,7
U016,2023-06-14,5,8.0,Fair,8.2,44,5.5,7,Sunny,Average,6
U016,2023-06-15,4,5.8,Excellent,5.8,14,3.6,4,Sunny,Average,7
U016,2023-06-16,7,6.3,Fair,6.0,41,3.4,8,Rainy,Average,3
U016,2023-06-17,9,7.9,Good,3.3,24,3.3,10,Sunny,Average,2
U016,2023-06-18,4,6.1,Excellent,7.9,35,0.7,5,Cloudy,Good,7
U016,2023-06-19,3,7.1,Good,4.5,28,4.2,4,Rainy,Poor,5
U016,2023-06-20,7,7.4,Poor,3.5,14,3.4,8,Rainy,Good,2
U016,2023-06-21,5,6.6,Poor,2.1,37,0.0,6,Cloudy,Good,4
U016,2023-06-22,5,5.4,Excellent,4.6,43,0.0,6,Sunny,Good,5
U016,2023-06-23,6,5.1,Poor,4.1,21,3.7,6,Rainy,Good,2
U016,2023-06-24,9,9.0,Good,7.3,37,1.6,10,Sunny,Average,2
U016,2023-06-25,6,6.4,Good,4.7,32,3.5,7,Sunny,Average,5
U016,2023-06-26,7,8.4,Excellent,3.9,27,3.0,9,Rainy,Good,4
U016,2023-06-27,7,8.7,Fair,6.6,48,0.8,9,Rainy,Poor,3
U016,2023-06-28,8,7.0,Excellent,5.8,25,3.8,9,Sunny,Good,2
U016,2023-06-29,5,8.2,Excellent,5.4,12,1.8,6,Cloudy,Good,5
U016,2023-06-30,5,5.9,Good,4.3,41,1.8,6,Cloudy,Average,5
U017,2023-06-01,8,10.0,Excellent,2.9,5,3.1,10,Cloudy,Good,1
U017,2023-06-02,6,7.4,Excellent,6.4,39,2.1,8,Cloudy,Average,5
U017,2023-06-03,6,8.0,Excellent,5.6,41,3.6,8,Cloudy,Average,3
U017,2023-06-04,6,5.8,Fair,7.7,19,0.1,6,Sunny,Average,4
U017,2023-06-05,7,6.8,Good,2.8,33,0.0,8,Sunny,Good,4
U017,2023-06-06,4,6.5,Fair,4.8,33,0.3,5,Cloudy,Good,6
U017,2023-06-07,8,7.8,Poor,7.6,36,2.1,10,Cloudy,Average,1
U017,2023-06-08,8,10.0,Good,3.5,13,4.1,10,Sunny,Average,3
U017,2023-06-09,10,7.7,Poor,7.4,38,2.7,10,Cloudy,Good,1
U017,2023-06-10,4,7.0,Poor,2.8,39,1.7,5,Sunny,Good,5
U017,2023-06-11,2,3.9,Excellent,3.1,33,1.6,2,Cloudy,Good,6
U017,2023-06-12,5,7.8,Good,1.0,73,3.5,8,Cloudy,Good,5
U017,2023-06-13,3,7.3,Good,7.4,21,4.1,4,Rainy,Good,6
U017,2023-06-14,9,7.2,Good,5.1,14,3.9,10,Cloudy,Good,1
U017,2023-06-15,5,7.1,Poor,5.9,76,2.3,8,Sunny,Good,5
U017,2023-06-16,8,5.5,Good,1.0,0,1.5,7,Sunny,Good,1
U017,2023-06-17,6,6.0,Poor,2.6,18,3.8,6,Sunny,Good,3
U017,2023-06-18,4,6.0,Fair,8.0,41,0.2,5,Rainy,Good,5
U017,2023-06-19,7,7.7,Good,4.2,47,2.6,9,Rainy,Poor,4
U017,2023-06-20,7,9.8,Good,1.8,35,1.6,10,Rainy,Good,2
U017,2023-06-21,6,4.2,Good,6.2,28,1.7,6,Sunny,Average,3
U017,2023-06-22,3,7.9,Excellent,4.0,29,2.4,4,Cloudy,Good,6
U017,2023-06-23,9,7.0,Excellent,3.9,50,0.1,10,Cloudy,Good,1
U017,2023-06-24,6,8.1,Excellent,4.0,59,3.0,9,Cloudy,Average,4
U017,2023-06-25,3,6.0,Excellent,7.1,38,2.2,4,Sunny,Good,5
U017,2023-06-26,9,6.5,Excellent,8.4,29,2.8,10,Rainy,Good,1
U017,2023-06-27,10,7.3,Good,4.3,15,0.5,10,Cloudy,Good,1
U017,2023-06-28,6,7.6,Excellent,6.3,31,1.8,7,Rainy,Good,5
U017,2023-06-29,7,8.8,Fair,7.8,48,0.5,10,Cloudy,Average,2
U017,2023-06-30,3,6.2,Fair,8.6,29,3.9,4,Rainy,Poor,7
U018,2023-06-01,8,8.7,Fair,5.1,32,1.3,10,Rainy,Average,3
U018,2023-06-02,7,4.9,Poor,3.7,33,2.8,7,Sunny,Average,2
U018,2023-06-03,4,7.8,Excellent,5.9,41,1.8,6,Sunny,Poor,6
U018,2023-06-04,5,3.2,Excellent,6.4,38,3.1,4,Cloudy,Good,4
U018,2023-06-05,4,6.0,Excellent,9.5,11,1.3,4,Rainy,Poor,8
U018,2023-06-06,8,8.2,Good,1.0,39,2.1,10,Cloudy,Good,3
U018,2023-06-07,6,5.5,Poor,7.3,39,3.5,7,Sunny,Good,4
U018,2023-06-08,4,7.3,Good,9.0,43,3.0,6,Rainy,Average,6
U018,2023-06-09,4,6.6,Good,5.7,7,0.9,4,Cloudy,Average,6
U018,2023-06-10,4,6.6,Fair,3.9,38,4.0,5,Sunny,Good,7
U018,2023-06-11,4,5.6,Fair,2.1,52,1.8,5,Rainy,Good,6
U018,2023-06-12,8,7.2,Fair,4.8,19,2.9,9,Cloudy,Good,3
U018,2023-06-13,6,6.2,Fair,6.1,47,1.2,7,Sunny,Good,4
U018,2023-06-14,3,5.9,Excellent,3.4,21,1.5,3,Sunny,Good,5
U018,2023-06-15,8,5.7,Excellent,4.3,18,1.5,8,Sunny,Good,1
U018,2023-06-16,7,8.3,Fair,5.0,45,2.2,9,Sunny,Good,5
U018,2023-06-17,6,6.2,Good,4.1,13,0.1,6,Cloudy,Average,3
U018,2023-06-18,5,4.2,Fair,5.7,9,3.2,4,Cloudy,Good,6
U018,2023-06-19,7,6.2,Good,1.7,11,0.0,7,Sunny,Average,2
U018,2023-06-20,4,5.0,Good,4.9,23,2.2,4,Cloudy,Good,6
U018,2023-06-21,7,6.3,Fair,6.3,65,2.5,9,Rainy,Good,2
U018,2023-06-22,7,8.3,Good,3.5,32,3.5,9,Cloudy,Good,1
U018,2023-06-23,6,4.8,Excellent,3.2,17,4.8,5,Sunny,Average,3
U018,2023-06-24,4,6.5,Fair,6.5,33,2.4,5,Cloudy,Average,6
U018,2023-06-25,5,7.4,Fair,5.3,14,1.3,6,Rainy,Good,4
U018,2023-06-26,6,5.4,Excellent,5.6,26,1.1,6,Cloudy,Average,3
U018,2023-06-27,3,5.0,Excellent,5.6,46,1.9,4,Rainy,Good,5
U018,2023-06-28,6,6.3,Excellent,4.0,32,2.0,7,Cloudy,Average,5
U018,2023-06-29,3,4.2,Poor,2.1,29,0.9,3,Rainy,Good,7
U018,2023-06-30,7,8.1,Fair,6.9,21,0.0,8,Sunny,Average,3
U019,2023-06-01,7,6.1,Excellent,4.4,20,2.3,7,Rainy,Good,3
U019,2023-06-02,10,7.4,Excellent,3.4,25,2.8,10,Sunny,Average,1
U019,2023-06-03,9,8.4,Good,7.1,18,3.1,10,Sunny,Good,1
U019,2023-06-04,10,8.5,Excellent,4.1,25,0.0,10,Cloudy,Average,1
U019,2023-06-05,5,5.9,Excellent,4.3,26,2.2,5,Sunny,Good,5
U019,2023-06-06,7,4.0,Excellent,5.8,50,3.4,7,Cloudy,Good,2
U019,2023-06-07,5,5.6,Fair,4.8,13,0.4,5,Cloudy,Good,6
U019,2023-06-08,6,6.6,Excellent,4.9,44,3.2,7,Sunny,Good,4
U019,2023-06-09,5,8.0,Excellent,4.4,39,0.0,7,Cloudy,Average,5
U019,2023-06-10,7,5.6,Fair,4.3,26,0.0,7,Rainy,Good,3
U019,2023-06-11,6,9.8,Good,4.6,50,0.9,9,Rainy,Average,5
U019,2023-06-12,4,4.3,Good,8.1,26,3.4,4,Sunny,Good,5
U019,2023-06-13,5,5.5,Fair,4.8,21,0.6,5,Cloudy,Good,4
U019,2023-06-14,6,5.8,Good,4.8,30,3.2,6,Sunny,Good,3
U019,2023-06-15,7,7.5,Poor,4.1,35,3.7,8,Cloudy,Average,3
U019,2023-06-16,6,8.1,Excellent,6.5,33,3.0,8,Sunny,Poor,4
U019,2023-06-17,7,6.4,Excellent,5.8,29,3.9,8,Rainy,Good,3
U019,2023-06-18,10,7.7,Poor,1.0,80,1.6,10,Sunny,Average,1
U019,2023-06-19,5,6.9,Excellent,3.4,39,0.5,6,Rainy,Good,5
U019,2023-06-20,10,5.9,Good,2.1,30,3.6,10,Cloudy,Good,1
U019,2023-06-21,8,9.1,Good,5.0,21,4.3,10,Cloudy,Good,1
U019,2023-06-22,5,7.4,Good,7.0,10,1.5,6,Sunny,Average,7
U019,2023-06-23,5,6.3,Excellent,3.2,20,1.9,5,Rainy,Good,6
U019,2023-06-24,8,5.9,Excellent,5.2,36,3.5,9,Sunny,Good,1
U019,2023-06-25,3,10.0,Fair,5.7,50,0.9,6,Rainy,Good,8
U019,2023-06-26,5,7.2,Excellent,4.8,0,2.7,5,Cloudy,Good,6
U019,2023-06-27,8,10.0,Excellent,5.3,54,2.0,10,Sunny,Good,3
U019,2023-06-28,7,7.4,Poor,8.3,36,1.6,8,Sunny,Good,2
U019,2023-06-29,7,5.9,Fair,7.8,0,3.2,6,Sunny,Good,4
U019,2023-06-30,5,8.6,Poor,7.1,38,1.0,7,Sunny,Good,6
U020,2023-06-01,7,5.7,Good,7.6,2,1.6,6,Rainy,Good,3
U020,2023-06-02,8,6.8,Poor,5.1,15,0.0,8,Sunny,Good,1
U020,2023-06-03,4,5.8,Good,1.8,48,0.4,5,Rainy,Good,6
U020,2023-06-04,3,6.9,Good,4.5,43,2.1,4,Sunny,Good,6
U020,2023-06-05,7,7.8,Excellent,4.8,32,2.2,8,Rainy,Good,4
U020,2023-06-06,6,6.0,Fair,6.0,16,5.5,6,Sunny,Average,4
U020,2023-06-07,5,6.3,Excellent,1.5,9,2.8,5,Cloudy,Average,3
U020,2023-06-08,8,7.2,Fair,4.9,19,4.0,9,Cloudy,Good,2
U020,2023-06-09,6,6.5,Excellent,6.0,21,2.0,6,Cloudy,Good,4
U020,2023-06-10,10,7.3,Fair,5.1,37,0.2,10,Sunny,Good,1
U020,2023-06-11,6,5.2,Good,5.5,9,3.4,5,Rainy,Good,4
U020,2023-06-12,5,7.4,Excellent,3.3,30,3.1,6,Rainy,Average,5
U020,2023-06-13,5,6.3,Fair,6.1,5,1.4,5,Cloudy,Average,5
U020,2023-06-14,8,8.5,Good,1.4,22,3.3,9,Sunny,Good,2
U020,2023-06-15,4,5.1,Good,7.2,23,1.1,4,Rainy,Average,5
U020,2023-06-16,6,6.4,Good,6.3,12,2.1,6,Rainy,Good,4
U020,2023-06-17,9,7.7,Good,4.8,49,1.6,10,Sunny,Average,3
U020,2023-06-18,5,8.7,Good,6.1,22,2.2,7,Sunny,Average,5
U020,2023-06-19,9,7.4,Good,5.4,38,0.0,10,Cloudy,Good,3
U020,2023-06-20,6,7.7,Fair,4.6,59,3.8,8,Rainy,Good,4
U020,2023-06-21,7,9.4,Poor,8.2,7,1.2,8,Rainy,Good,2
U020,2023-06-22,3,8.5,Good,5.6,25,4.0,5,Rainy,Good,6
U020,2023-06-23,9,6.8,Fair,1.4,34,2.5,10,Cloudy,Good,1
U020,2023-06-24,10,9.4,Excellent,8.3,10,1.8,10,Cloudy,Good,2
U020,2023-06-25,3,5.0,Good,3.5,7,2.8,2,Sunny,Good,8
U020,2023-06-26,10,9.0,Excellent,3.6,27,3.1,10,Sunny,Good,1
U020,2023-06-27,4,7.6,Excellent,7.3,3,0.0,4,Cloudy,Good,5
U020,2023-06-28,5,8.7,Good,6.3,40,4.0,7,Cloudy,Average,4
U020,2023-06-29,5,8.3,Fair,5.9,19,1.4,6,Rainy,Good,4
U020,2023-06-30,8,4.4,Excellent,4.8,41,0.0,8,Sunny,Good,2
U021,2023-06-01,8,8.1,Good,1.6,36,4.0,10,Sunny,Good,4
U021,2023-06-02,5,8.7,Fair,3.5,19,1.7,6,Sunny,Average,6
U021,2023-06-03,4,6.4,Good,6.4,43,1.4,5,Rainy,Average,5
U021,2023-06-04,7,6.0,Poor,7.0,23,1.9,7,Sunny,Good,3
U021,2023-06-05,4,6.9,Fair,1.0,26,1.1,5,Rainy,Good,7
U021,2023-06-06,3,7.4,Fair,5.8,4,1.6,3,Cloudy,Good,7
U021,2023-06-07,3,7.8,Good,6.7,33,0.0,4,Cloudy,Good,7
U021,2023-06-08,7,7.0,Good,5.8,27,1.6,8,Cloudy,Poor,3
U021,2023-06-09,5,6.6,Poor,6.3,17,1.1,5,Cloudy,Average,3
U021,2023-06-10,8,6.6,Good,2.4,30,1.7,9,Rainy,Average,1
U021,2023-06-11,6,4.9,Good,5.9,16,4.1,5,Rainy,Good,4
U021,2023-06-12,9,7.4,Excellent,8.9,32,3.1,10,Cloudy,Average,1
U021,2023-06-13,5,7.9,Good,4.2,20,4.0,6,Cloudy,Average,4
U021,2023-06-14,7,8.8,Good,4.7,41,1.9,9,Cloudy,Good,2
U021,2023-06-15,10,10.0,Fair,5.2,37,3.4,10,Cloudy,Good,3
U021,2023-06-16,8,7.8,Good,5.0,29,2.5,9,Sunny,Good,4
U021,2023-06-17,10,10.0,Excellent,4.1,36,3.0,10,Rainy,Average,1
U021,2023-06-18,5,7.0,Poor,6.3,6,0.4,5,Cloudy,Average,5
U021,2023-06-19,7,7.7,Fair,4.9,23,1.8,8,Sunny,Poor,2
U021,2023-06-20,10,6.9,Fair,2.6,44,0.0,10,Sunny,Average,1
U021,2023-06-21,7,6.8,Poor,5.0,38,0.6,8,Cloudy,Average,3
U021,2023-06-22,4,6.1,Fair,6.2,45,2.5,5,Sunny,Good,6
U021,2023-06-23,9,8.4,Excellent,3.7,15,3.9,10,Cloudy,Good,2
U021,2023-06-24,9,7.7,Good,5.0,24,3.7,10,Sunny,Average,1
U021,2023-06-25,7,7.3,Fair,4.0,40,3.5,8,Cloudy,Average,1
U021,2023-06-26,8,7.6,Excellent,6.1,39,3.6,10,Sunny,Good,2
U021,2023-06-27,6,6.8,Fair,4.2,28,3.8,7,Cloudy,Good,4
U021,2023-06-28,4,7.5,Good,2.9,30,2.6,5,Rainy,Good,6
U021,2023-06-29,6,6.7,Fair,4.4,14,3.1,6,Sunny,Good,4
U021,2023-06-30,4,6.4,Poor,7.2,49,0.8,5,Cloudy,Average,6
U022,2023-06-01,7,5.5,Excellent,7.7,2,2.8,6,Rainy,Good,2
U022,2023-06-02,8,6.5,Poor,8.3,33,1.7,9,Sunny,Good,1
U022,2023-06-03,1,6.2,Good,6.9,39,2.6,2,Cloudy,Average,8
U022,2023-06-04,8,6.0,Good,10.2,31,4.6,9,Sunny,Good,1
U022,2023-06-05,7,7.0,Excellent,3.1,33,4.0,8,Cloudy,Good,2
U022,2023-06-06,5,4.0,Fair,3.0,25,2.1,4,Cloudy,Good,5
U022,2023-06-07,7,6.7,Excellent,3.8,39,3.1,8,Cloudy,Poor,3
U022,2023-06-08,5,4.6,Good,6.9,7,3.4,4,Cloudy,Average,5
U022,2023-06-09,6,7.7,Fair,2.9,56,0.7,8,Sunny,Good,4
U022,2023-06-10,4,6.2,Fair,6.7,26,1.1,4,Cloudy,Average,7
U022,2023-06-11,6,8.4,Good,5.1,4,1.9,7,Sunny,Poor,2
U022,2023-06-12,6,7.9,Excellent,6.4,43,3.5,8,Sunny,Poor,6
U022,2023-06-13,7,8.4,Excellent,1.0,37,0.4,9,Sunny,Good,5
U022,2023-06-14,1,8.0,Fair,6.3,6,4.6,2,Cloudy,Average,9
U022,2023-06-15,5,5.9,Excellent,5.2,56,0.4,6,Sunny,Average,4
U022,2023-06-16,3,6.6,Poor,6.6,25,0.5,4,Cloudy,Good,6
U022,2023-06-17,6,7.9,Good,6.0,14,3.4,7,Cloudy,Poor,3
U022,2023-06-18,4,4.8,Good,2.1,26,2.2,4,Sunny,Good,6
U022,2023-06-19,8,7.0,Poor,5.5,27,1.8,9,Sunny,Good,3
U022,2023-06-20,6,8.8,Excellent,2.4,18,5.1,8,Cloudy,Good,3
U022,2023-06-21,6,8.4,Excellent,5.4,52,0.6,8,Rainy,Good,2
U022,2023-06-22,3,7.7,Good,1.4,24,2.8,4,Cloudy,Average,4
U022,2023-06-23,10,7.6,Excellent,3.4,0,2.5,10,Cloudy,Average,1
U022,2023-06-24,5,6.6,Fair,6.2,28,3.1,6,Sunny,Average,6
U022,2023-06-25,6,6.5,Good,1.8,14,2.9,6,Cloudy,Good,6
U022,2023-06-26,9,7.9,Excellent,2.3,27,4.2,10,Rainy,Average,1
U022,2023-06-27,6,6.8,Excellent,4.8,19,2.2,7,Cloudy,Average,5
U022,2023-06-28,7,4.4,Poor,4.3,28,0.8,7,Rainy,Good,3
U022,2023-06-29,3,8.2,Excellent,6.7,44,0.0,5,Cloudy,Good,7
U022,2023-06-30,6,6.1,Good,3.3,38,1.8,7,Cloudy,Poor,5
U023,2023-06-01,4,5.7,Excellent,6.1,3,0.4,3,Cloudy,Average,5
U023,2023-06-02,6,7.4,Fair,5.7,10,0.8,7,Sunny,Average,7
U023,2023-06-03,8,3.3,Excellent,4.0,11,0.3,7,Sunny,Good,2
U023,2023-06-04,5,6.0,Good,5.0,17,2.1,5,Rainy,Good,6
U023,2023-06-05,4,5.4,Excellent,2.7,41,0.1,5,Sunny,Good,6
U023,2023-06-06,8,7.3,Poor,7.3,58,0.0,10,Cloudy,Good,4
U023,2023-06-07,9,7.7,Good,4.7,47,1.5,10,Sunny,Poor,1
U023,2023-06-08,4,7.7,Good,7.9,27,3.0,5,Rainy,Good,6
U023,2023-06-09,7,7.1,Fair,1.4,34,4.1,8,Sunny,Good,4
U023,2023-06-10,5,9.2,Good,3.2,23,1.9,7,Cloudy,Good,7
U023,2023-06-11,3,5.6,Good,5.1,18,3.4,3,Rainy,Good,6
U023,2023-06-12,7,8.2,Excellent,6.7,10,2.4,8,Cloudy,Good,5
U023,2023-06-13,6,6.9,Poor,3.6,0,2.3,6,Cloudy,Good,4
U023,2023-06-14,3,3.5,Good,2.5,29,3.4,2,Rainy,Average,7
U023,2023-06-15,10,7.6,Good,8.0,38,4.1,10,Cloudy,Good,1
U023,2023-06-16,6,7.4,Excellent,6.4,8,3.0,6,Sunny,Good,4
U023,2023-06-17,6,6.9,Excellent,7.3,28,2.2,7,Cloudy,Poor,5
U023,2023-06-18,5,5.7,Excellent,6.0,20,2.6,5,Sunny,Good,5
U023,2023-06-19,6,8.8,Fair,6.0,6,1.1,7,Sunny,Good,4
U023,2023-06-20,3,8.2,Good,2.2,39,0.8,5,Cloudy,Good,9
U023,2023-06-21,6,7.9,Excellent,6.3,42,0.9,8,Cloudy,Average,6
U023,2023-06-22,6,4.9,Good,5.1,37,1.1,6,Cloudy,Good,4
U023,2023-06-23,4,7.3,Excellent,5.4,49,1.7,6,Cloudy,Good,8
U023,2023-06-24,9,6.2,Good,6.1,33,4.5,10,Cloudy,Good,1
U023,2023-06-25,6,5.1,Fair,5.5,35,2.5,6,Sunny,Average,3
U023,2023-06-26,5,5.7,Good,3.5,32,2.0,5,Sunny,Good,5
U023,2023-06-27,9,9.2,Good,5.4,16,1.5,10,Cloudy,Good,1
U023,2023-06-28,8,6.6,Poor,4.7,43,2.1,9,Sunny,Average,3
U023,2023-06-29,8,7.9,Fair,2.2,26,2.4,9,Cloudy,Good,3
U023,2023-06-30,3,7.0,Excellent,4.3,31,2.2,4,Sunny,Good,7
U024,2023-06-01,4,7.3,Good,6.0,28,0.1,5,Sunny,Poor,6
U024,2023-06-02,7,4.9,Good,3.2,56,2.0,8,Sunny,Average,3
U024,2023-06-03,8,6.4,Excellent,1.0,27,2.0,9,Rainy,Good,1
U024,2023-06-04,8,8.2,Good,4.3,26,0.8,9,Sunny,Poor,3
U024,2023-06-05,9,6.1,Good,1.7,28,1.8,9,Rainy,Good,1
U024,2023-06-06,7,7.8,Fair,5.0,18,3.0,8,Rainy,Good,3
U024,2023-06-07,8,8.1,Poor,5.9,35,1.3,10,Rainy,Poor,3
U024,2023-06-08,8,9.9,Fair,5.0,41,2.1,10,Rainy,Average,3
U024,2023-06-09,4,5.9,Good,5.3,21,0.0,4,Cloudy,Average,6
U024,2023-06-10,2,5.9,Good,3.5,12,4.0,2,Cloudy,Average,8
U024,2023-06-11,7,9.1,Good,6.8,37,1.2,9,Rainy,Poor,2
U024,2023-06-12,6,7.4,Excellent,5.4,22,5.6,7,Sunny,Average,2
U024,2023-06-13,7,6.6,Fair,5.0,27,1.2,8,Sunny,Average,3
U024,2023-06-14,5,6.7,Good,4.9,15,1.1,5,Rainy,Average,5
U024,2023-06-15,5,7.5,Good,2.0,22,2.9,6,Sunny,Poor,5
U024,2023-06-16,6,9.4,Good,5.0,9,1.9,8,Sunny,Good,4
U024,2023-06-17,7,9.1,Fair,6.1,34,1.3,9,Cloudy,Good,3
U024,2023-06-18,3,5.4,Poor,5.9,37,0.0,3,Cloudy,Good,5
U024,2023-06-19,4,5.7,Good,5.7,22,2.4,4,Cloudy,Poor,6
U024,2023-06-20,5,5.8,Excellent,8.3,4,1.5,5,Cloudy,Average,5
U024,2023-06-21,4,8.0,Fair,5.0,44,4.0,6,Sunny,Good,7
U024,2023-06-22,6,5.5,Good,5.1,11,2.7,6,Cloudy,Good,3
U024,2023-06-23,7,7.3,Fair,7.3,36,3.7,8,Rainy,Good,3
U024,2023-06-24,10,5.3,Fair,3.7,34,3.0,10,Rainy,Good,1
U024,2023-06-25,8,10.0,Excellent,7.2,6,0.1,10,Sunny,Good,3
U024,2023-06-26,4,4.4,Good,2.9,23,0.0,3,Sunny,Average,5
U024,2023-06-27,9,7.7,Good,5.3,12,3.2,10,Sunny,Average,1
U024,2023-06-28,7,9.0,Good,7.2,39,3.4,9,Rainy,Average,4
U024,2023-06-29,5,7.7,Good,5.7,45,1.5,7,Sunny,Good,6
U024,2023-06-30,6,6.5,Good,3.9,37,2.6,7,Cloudy,Good,3
U025,2023-06-01,6,6.9,Excellent,8.0,30,3.8,7,Cloudy,Good,5
U025,2023-06-02,7,4.4,Excellent,5.1,23,3.2,6,Sunny,Good,3
U025,2023-06-03,7,7.1,Good,6.7,12,2.7,7,Cloudy,Good,4
U025,2023-06-04,6,8.5,Good,2.0,27,5.6,8,Sunny,Good,5
U025,2023-06-05,8,6.6,Good,7.1,3,1.1,8,Sunny,Good,1
U025,2023-06-06,6,7.0,Poor,1.7,18,3.9,7,Sunny,Average,3
U025,2023-06-07,4,5.6,Excellent,5.3,22,2.4,4,Rainy,Good,6
U025,2023-06-08,3,6.2,Excellent,4.9,24,0.9,3,Sunny,Good,7
U025,2023-06-09,5,5.9,Fair,6.4,14,3.2,5,Cloudy,Poor,6
U025,2023-06-10,4,6.6,Poor,3.7,0,3.5,4,Sunny,Average,7
U025,2023-06-11,5,7.1,Poor,6.1,28,2.4,6,Rainy,Average,7
U025,2023-06-12,6,8.4,Fair,3.1,36,1.5,8,Sunny,Poor,3
U025,2023-06-13,5,6.8,Excellent,3.9,2,1.0,5,Rainy,Good,5
U025,2023-06-14,8,6.9,Good,6.2,10,3.9,8,Sunny,Average,2
U025,2023-06-15,2,8.7,Good,5.8,24,1.4,4,Rainy,Good,7
U025,2023-06-16,6,8.8,Good,5.2,27,1.4,8,Sunny,Good,6
U025,2023-06-17,6,6.7,Fair,6.1,29,0.0,7,Sunny,Good,2
U025,2023-06-18,4,7.6,Excellent,5.7,47,3.5,6,Cloudy,Average,6
U025,2023-06-19,4,4.7,Poor,5.5,30,1.2,4,Sunny,Good,6
U025,2023-06-20,9,6.6,Good,4.5,45,0.4,10,Sunny,Average,1
U025,2023-06-21,7,6.9,Fair,4.9,40,0.9,8,Rainy,Good,3
U025,2023-06-22,7,8.1,Fair,3.8,27,0.6,8,Sunny,Good,3
U025,2023-06-23,4,6.8,Fair,7.4,18,0.9,4,Rainy,Good,6
U025,2023-06-24,5,7.5,Fair,2.6,32,0.7,6,Cloudy,Good,6
U025,2023-06-25,8,5.7,Good,2.5,3,3.0,7,Cloudy,Good,2
U025,2023-06-26,4,6.3,Good,2.3,33,1.8,5,Rainy,Good,8
U025,2023-06-27,10,7.6,Excellent,1.0,22,2.2,10,Sunny,Good,1
U025,2023-06-28,5,6.3,Good,7.8,26,0.2,6,Sunny,Poor,3
U025,2023-06-29,5,8.2,Good,5.0,22,1.8,6,Rainy,Good,6
U025,2023-06-30,7,7.4,Excellent,6.0,46,0.8,9,Cloudy,Good,3
U026,2023-06-01,6,10.0,Good,5.2,23,1.8,8,Cloudy,Good,5
U026,2023-06-02,4,6.7,Excellent,7.1,17,2.2,4,Sunny,Good,6
U026,2023-06-03,10,8.0,Good,7.1,38,0.5,10,Sunny,Good,1
U026,2023-06-04,10,7.7,Good,2.4,32,4.6,10,Sunny,Good,1
U026,2023-06-05,3,5.6,Good,4.4,28,0.8,3,Rainy,Average,8
U026,2023-06-06,2,6.1,Good,5.3,50,3.0,3,Cloudy,Average,6
U026,2023-06-07,7,6.4,Excellent,6.7,28,0.2,8,Rainy,Good,5
U026,2023-06-08,7,5.9,Excellent,4.7,39,2.5,8,Cloudy,Average,4
U026,2023-06-09,4,7.5,Excellent,3.9,15,4.1,5,Rainy,Good,7
U026,2023-06-10,6,10.0,Poor,1.0,61,1.3,10,Cloudy,Poor,4
U026,2023-06-11,6,5.9,Good,5.7,40,3.5,7,Rainy,Poor,4
U026,2023-06-12,4,5.1,Good,5.8,33,2.0,4,Cloudy,Poor,6
U026,2023-06-13,10,5.6,Fair,6.4,16,1.6,10,Sunny,Good,1
U026,2023-06-14,7,8.4,Poor,6.5,9,1.6,8,Rainy,Good,2
U026,2023-06-15,5,5.3,Good,5.3,31,2.8,5,Sunny,Average,7
U026,2023-06-16,9,5.9,Excellent,7.2,70,2.0,10,Sunny,Good,2
U026,2023-06-17,3,7.0,Good,7.4,21,0.0,4,Rainy,Average,8
U026,2023-06-18,6,6.9,Good,4.1,58,1.8,8,Cloudy,Good,4
U026,2023-06-19,4,6.5,Good,5.5,44,1.9,5,Cloudy,Good,7
U026,2023-06-20,7,5.1,Excellent,4.6,37,0.0,7,Rainy,Poor,2
U026,2023-06-21,6,3.6,Fair,10.4,10,1.0,5,Sunny,Good,6
U026,2023-06-22,4,7.0,Fair,5.9,8,2.7,4,Rainy,Average,6
U026,2023-06-23,8,7.6,Poor,2.8,26,3.2,9,Cloudy,Good,2
U026,2023-06-24,6,6.0,Good,3.2,40,2.6,7,Rainy,Poor,4
U026,2023-06-25,3,8.0,Excellent,1.0,37,2.0,5,Rainy,Good,6
U026,2023-06-26,9,7.8,Good,6.3,31,2.1,10,Sunny,Average,1
U026,2023-06-27,7,6.5,Poor,4.7,6,2.9,7,Sunny,Good,4
U026,2023-06-28,6,6.8,Good,4.9,16,1.0,6,Sunny,Good,4
U026,2023-06-29,7,7.2,Fair,4.8,25,2.6,8,Cloudy,Good,3
U026,2023-06-30,2,6.0,Excellent,6.7,18,2.3,2,Sunny,Good,8
U027,2023-06-01,6,7.3,Fair,4.9,27,0.2,7,Sunny,Good,3
U027,2023-06-02,5,6.6,Good,3.0,13,0.5,5,Sunny,Good,6
U027,2023-06-03,8,7.2,Excellent,8.7,29,3.4,9,Rainy,Good,2
U027,2023-06-04,6,8.5,Good,6.5,5,2.3,7,Sunny,Good,4
U027,2023-06-05,7,7.5,Good,1.1,39,0.3,9,Cloudy,Good,5
U027,2023-06-06,10,6.7,Fair,5.6,43,4.1,10,Rainy,Average,1
U027,2023-06-07,6,5.6,Excellent,2.7,35,0.6,6,Rainy,Average,5
U027,2023-06-08,4,8.6,Good,7.6,0,4.4,5,Rainy,Good,7
U027,2023-06-09,4,8.1,Good,8.8,19,2.3,5,Sunny,Good,7
U027,2023-06-10,6,7.6,Poor,7.3,53,1.6,8,Rainy,Good,3
U027,2023-06-11,10,8.0,Excellent,2.1,14,4.1,10,Sunny,Good,1
U027,2023-06-12,8,7.8,Good,7.8,20,2.3,9,Cloudy,Good,2
U027,2023-06-13,4,7.3,Excellent,1.3,51,2.6,6,Sunny,Average,5
U027,2023-06-14,6,6.2,Excellent,1.0,48,4.2,7,Rainy,Good,3
U027,2023-06-15,5,6.7,Fair,2.3,48,0.0,6,Sunny,Average,5
U027,2023-06-16,10,8.7,Excellent,3.2,55,2.8,10,Cloudy,Average,1
U027,2023-06-17,10,6.0,Fair,4.5,43,1.3,10,Cloudy,Average,1
U027,2023-06-18,5,5.8,Excellent,2.3,40,3.6,6,Cloudy,Average,5
U027,2023-06-19,5,5.6,Excellent,7.1,50,2.2,6,Cloudy,Good,5
U027,2023-06-20,4,4.2,Excellent,4.2,45,3.3,4,Cloudy,Good,8
U027,2023-06-21,7,7.0,Good,8.2,14,3.9,7,Rainy,Good,3
U027,2023-06-22,7,4.3,Good,7.3,0,0.7,6,Rainy,Average,2
U027,2023-06-23,6,8.6,Excellent,3.5,26,0.0,8,Rainy,Average,2
U027,2023-06-24,8,5.6,Excellent,5.9,15,3.7,8,Sunny,Good,3
U027,2023-06-25,5,6.5,Good,6.2,19,0.0,5,Sunny,Poor,6
U027,2023-06-26,9,7.1,Excellent,2.1,36,2.6,10,Rainy,Average,3
U027,2023-06-27,7,8.7,Poor,2.6,29,1.6,9,Rainy,Good,3
U027,2023-06-28,8,8.1,Excellent,9.4,35,1.8,10,Sunny,Good,1
U027,2023-06-29,7,8.8,Good,1.4,24,3.8,9,Rainy,Good,3
U027,2023-06-30,4,6.8,Good,1.0,33,3.4,5,Sunny,Good,7
U028,2023-06-01,8,9.0,Good,3.3,11,5.4,9,Rainy,Good,3
U028,2023-06-02,4,6.6,Excellent,4.4,41,0.0,5,Cloudy,Good,6
U028,2023-06-03,6,9.1,Good,5.2,24,3.8,8,Rainy,Good,3
U028,2023-06-04,6,10.0,Fair,4.1,32,1.6,9,Cloudy,Poor,3
U028,2023-06-05,10,8.7,Excellent,6.2,41,2.6,10,Sunny,Average,2
U028,2023-06-06,10,4.4,Good,7.5,39,3.1,10,Cloudy,Good,1
U028,2023-06-07,6,8.1,Fair,4.9,25,2.7,7,Cloudy,Good,5
U028,2023-06-08,2,8.2,Excellent,6.3,38,3.0,4,Sunny,Good,9
U028,2023-06-09,6,6.2,Excellent,4.9,36,4.1,7,Rainy,Good,4
U028,2023-06-10,8,6.3,Poor,6.2,52,3.3,9,Rainy,Average,3
U028,2023-06-11,9,8.4,Good,4.5,40,2.4,10,Rainy,Average,1
U028,2023-06-12,5,7.0,Good,3.7,47,3.1,7,Rainy,Average,6
U028,2023-06-13,3,7.0,Fair,7.3,5,3.3,3,Sunny,Good,8
U028,2023-06-14,4,7.7,Fair,4.7,42,2.4,6,Sunny,Good,7
U028,2023-06-15,6,6.8,Fair,5.2,19,3.8,7,Sunny,Average,4
U028,2023-06-16,8,7.2,Fair,5.6,25,1.3,9,Rainy,Average,2
U028,2023-06-17,6,8.1,Excellent,5.6,30,0.0,8,Rainy,Good,3
U028,2023-06-18,5,6.4,Fair,4.1,28,2.4,6,Rainy,Good,5
U028,2023-06-19,6,7.1,Fair,3.4,17,3.9,7,Rainy,Good,5
U028,2023-06-20,4,7.9,Excellent,2.8,48,2.6,6,Cloudy,Average,6
U028,2023-06-21,8,6.6,Good,7.0,20,3.8,8,Sunny,Poor,3
U028,2023-06-22,10,7.9,Good,3.4,35,0.8,10,Cloudy,Poor,1
U028,2023-06-23,5,6.6,Excellent,4.9,26,0.0,6,Cloudy,Good,7
U028,2023-06-24,4,8.0,Excellent,2.3,5,2.2,5,Cloudy,Good,8
U028,2023-06-25,9,7.8,Good,3.9,17,0.9,10,Sunny,Average,1
U028,2023-06-26,9,7.3,Fair,3.6,0,1.8,9,Sunny,Good,1
U028,2023-06-27,10,10.0,Fair,7.0,18,0.0,10,Cloudy,Good,1
U028,2023-06-28,10,8.2,Good,5.5,10,3.6,10,Sunny,Average,1
U028,2023-06-29,3,8.0,Excellent,6.0,38,2.3,5,Sunny,Good,8
U028,2023-06-30,6,4.9,Excellent,3.6,34,1.2,6,Rainy,Average,3
U029,2023-06-01,10,8.9,Excellent,3.5,41,2.5,10,Rainy,Average,1
U029,2023-06-02,6,6.2,Excellent,6.4,19,0.5,6,Rainy,Average,5
U029,2023-06-03,7,5.9,Fair,7.0,29,2.3,7,Sunny,Good,1
U029,2023-06-04,8,7.3,Excellent,5.9,30,3.1,9,Rainy,Good,2
U029,2023-06-05,8,6.0,Fair,5.2,35,1.1,9,Rainy,Good,1
U029,2023-06-06,2,4.5,Fair,7.1,67,4.4,3,Cloudy,Good,6
U029,2023-06-07,10,9.6,Fair,2.7,29,1.3,10,Cloudy,Good,1
U029,2023-06-08,5,8.3,Good,5.2,21,0.6,6,Rainy,Poor,4
U029,2023-06-09,4,5.9,Excellent,2.8,25,0.0,4,Sunny,Average,7
U029,2023-06-10,7,4.5,Excellent,1.5,46,4.3,7,Cloudy,Good,3
U029,2023-06-11,5,7.8,Excellent,1.0,42,1.9,7,Rainy,Good,5
U029,2023-06-12,6,6.3,Good,4.9,62,0.8,8,Cloudy,Good,2
U029,2023-06-13,7,5.7,Good,4.6,6,3.8,7,Rainy,Poor,2
U029,2023-06-14,5,7.9,Fair,4.2,4,1.4,6,Rainy,Good,4
U029,2023-06-15,6,9.1,Good,6.3,22,3.9,8,Sunny,Good,3
U029,2023-06-16,5,5.4,Poor,5.9,30,4.0,5,Cloudy,Good,5
U029,2023-06-17,5,5.2,Fair,6.4,53,5.0,6,Sunny,Average,6
U029,2023-06-18,1,4.0,Good,3.9,23,2.8,1,Rainy,Average,9
U029,2023-06-19,6,5.9,Fair,1.0,40,1.4,7,Cloudy,Average,5
U029,2023-06-20,7,6.2,Poor,4.0,19,0.0,7,Sunny,Average,3
U029,2023-06-21,3,5.6,Excellent,3.8,30,2.8,3,Sunny,Good,8
U029,2023-06-22,5,6.4,Poor,7.3,16,2.4,5,Cloudy,Good,4
U029,2023-06-23,7,7.6,Excellent,4.8,24,4.2,8,Sunny,Good,3
U029,2023-06-24,6,5.8,Excellent,7.6,38,0.0,7,Rainy,Good,2
U029,2023-06-25,8,5.3,Excellent,3.2,14,0.0,8,Sunny,Good,3
U029,2023-06-26,8,7.1,Good,3.4,29,2.4,9,Sunny,Good,1
U029,2023-06-27,10,10.0,Good,3.8,8,1.1,10,Cloudy,Good,2
U029,2023-06-28,7,7.3,Fair,3.7,24,4.6,8,Rainy,Good,3
U029,2023-06-29,8,7.3,Excellent,5.3,7,1.0,8,Cloudy,Good,4
U029,2023-06-30,7,7.5,Fair,1.0,16,2.7,8,Cloudy,Average,5
U030,2023-06-01,5,8.6,Poor,3.5,49,0.6,7,Sunny,Average,4
U030,2023-06-02,4,5.5,Excellent,9.6,20,3.3,4,Cloudy,Good,7
U030,2023-06-03,6,7.4,Excellent,4.4,12,0.0,7,Cloudy,Good,3
U030,2023-06-04,6,6.6,Fair,7.4,28,2.5,7,Cloudy,Good,4
U030,2023-06-05,10,8.2,Poor,8.9,15,4.5,10,Cloudy,Good,1
U030,2023-06-06,8,6.1,Fair,3.0,33,1.8,9,Sunny,Good,2
U030,2023-06-07,5,6.9,Good,7.2,24,0.0,6,Rainy,Good,6
U030,2023-06-08,7,8.1,Poor,2.9,24,0.0,8,Cloudy,Average,2
U030,2023-06-09,5,8.1,Excellent,5.3,62,3.4,8,Rainy,Average,6
U030,2023-06-10,7,7.4,Excellent,3.4,29,3.8,8,Rainy,Average,2
U030,2023-06-11,6,5.9,Fair,3.9,36,2.2,7,Sunny,Good,5
U030,2023-06-12,5,9.6,Fair,4.5,43,4.5,8,Rainy,Good,7
U030,2023-06-13,7,6.2,Excellent,6.1,39,0.0,8,Sunny,Good,3
U030,2023-06-14,4,7.1,Good,6.9,28,2.1,5,Rainy,Poor,5
U030,2023-06-15,8,7.5,Fair,4.6,21,3.2,9,Rainy,Average,4
U030,2023-06-16,7,6.0,Fair,4.3,41,0.6,8,Rainy,Poor,3
U030,2023-06-17,5,8.3,Excellent,6.0,35,1.6,7,Cloudy,Good,5
U030,2023-06-18,10,7.8,Good,2.9,41,2.7,10,Sunny,Good,1
U030,2023-06-19,5,7.5,Good,7.5,31,1.0,6,Sunny,Average,5
U030,2023-06-20,7,6.1,Good,5.1,37,4.2,8,Cloudy,Average,3
U030,2023-06-21,7,6.7,Good,3.9,35,2.5,8,Cloudy,Average,2
U030,2023-06-22,10,8.9,Excellent,3.2,34,0.8,10,Rainy,Good,1
U030,2023-06-23,3,7.5,Excellent,5.5,16,1.9,4,Sunny,Good,7
U030,2023-06-24,1,4.3,Poor,2.5,49,5.7,1,Cloudy,Average,7
U030,2023-06-25,8,9.5,Good,5.5,55,0.0,10,Cloudy,Average,1
U030,2023-06-26,7,8.6,Good,5.3,36,1.9,9,Rainy,Good,3
U030,2023-06-27,7,6.8,Excellent,4.3,40,2.2,8,Sunny,Good,2
U030,2023-06-28,6,6.1,Good,7.8,53,1.2,7,Cloudy,Poor,3
U030,2023-06-29,3,5.3,Poor,1.0,22,1.5,3,Sunny,Good,7
U030,2023-06-30,5,10.0,Good,6.1,36,3.2,8,Sunny,Good,5
U031,2023-06-01,3,7.0,Poor,3.2,23,3.2,4,Cloudy,Good,6
U031,2023-06-02,10,9.5,Good,4.0,14,2.5,10,Sunny,Good,1
U031,2023-06-03,5,7.7,Excellent,4.3,15,2.1,6,Sunny,Good,4
U031,2023-06-04,8,7.2,Good,7.0,35,1.4,9,Rainy,Good,2
U031,2023-06-05,7,5.6,Poor,8.4,26,2.1,7,Rainy,Average,5
U031,2023-06-06,8,9.3,Good,7.8,39,2.5,10,Sunny,Good,1
U031,2023-06-07,5,5.0,Excellent,4.6,29,1.9,5,Cloudy,Average,4
U031,2023-06-08,8,7.3,Excellent,2.1,27,1.6,9,Rainy,Good,2
U031,2023-06-09,4,8.0,Excellent,7.2,40,3.2,6,Cloudy,Good,7
U031,2023-06-10,5,4.0,Excellent,4.6,33,4.2,5,Sunny,Average,3
U031,2023-06-11,5,3.0,Excellent,5.0,47,1.0,5,Sunny,Good,5
U031,2023-06-12,6,8.8,Fair,3.6,35,0.8,8,Cloudy,Average,5
U031,2023-06-13,7,7.6,Poor,4.9,22,1.6,8,Sunny,Good,2
U031,2023-06-14,3,5.9,Good,5.8,0,4.5,2,Rainy,Good,7
U031,2023-06-15,7,6.2,Good,3.9,0,0.2,7,Rainy,Good,3
U031,2023-06-16,6,5.2,Poor,5.6,39,2.2,6,Cloudy,Average,3
U031,2023-06-17,7,8.6,Good,7.5,10,1.0,8,Cloudy,Good,5
U031,2023-06-18,9,7.1,Excellent,4.8,25,3.1,10,Cloudy,Good,1
U031,2023-06-19,5,7.6,Good,5.6,47,1.5,7,Cloudy,Good,5
U031,2023-06-20,7,7.7,Excellent,1.0,16,4.6,8,Cloudy,Good,4
U031,2023-06-21,4,4.8,Excellent,6.8,15,3.0,3,Rainy,Good,8
U031,2023-06-22,10,10.0,Fair,5.4,12,5.6,10,Sunny,Good,1
U031,2023-06-23,3,4.3,Good,7.1,4,1.6,2,Rainy,Good,5
U031,2023-06-24,7,3.9,Good,4.4,35,0.0,7,Sunny,Good,3
U031,2023-06-25,8,7.3,Good,3.7,42,0.5,10,Rainy,Good,1
U031,2023-06-26,8,6.2,Good,6.4,32,4.2,9,Rainy,Average,2
U031,2023-06-27,6,7.1,Excellent,3.7,51,0.0,8,Sunny,Good,5
U031,2023-06-28,8,7.3,Poor,5.7,37,1.2,9,Rainy,Good,2
U031,2023-06-29,6,5.4,Good,4.5,0,4.8,5,Rainy,Good,5
U031,2023-06-30,6,6.2,Good,1.7,32,1.3,7,Cloudy,Good,4
U032,2023-06-01,4,7.3,Excellent,4.2,17,0.0,5,Cloudy,Average,6
U032,2023-06-02,8,5.8,Fair,6.4,29,2.7,8,Cloudy,Good,1
U032,2023-06-03,6,7.8,Good,6.1,7,1.5,7,Cloudy,Good,5
U032,2023-06-04,5,8.9,Fair,4.5,31,1.0,7,Cloudy,Good,5
U032,2023-06-05,7,7.7,Good,2.9,21,1.7,8,Cloudy,Good,2
U032,2023-06-06,8,10.0,Fair,5.5,13,3.0,10,Cloudy,Average,2
U032,2023-06-07,10,5.5,Good,7.2,45,1.5,10,Sunny,Good,1
U032,2023-06-08,6,6.4,Poor,4.5,38,0.5,7,Rainy,Good,3
U032,2023-06-09,6,9.5,Good,8.3,43,0.5,9,Sunny,Good,4
U032,2023-06-10,2,6.1,Fair,4.2,31,2.4,3,Rainy,Average,8
U032,2023-06-11,8,6.7,Good,3.7,21,3.1,9,Rainy,Good,1
U032,2023-06-12,5,5.1,Excellent,8.6,15,0.0,5,Rainy,Good,5
U032,2023-06-13,6,6.0,Fair,2.4,45,5.0,7,Rainy,Poor,3
U032,2023-06-14,8,8.1,Excellent,4.5,46,3.4,10,Rainy,Average,3
U032,2023-06-15,5,6.6,Good,4.0,58,0.0,7,Cloudy,Good,4
U032,2023-06-16,6,7.2,Good,6.9,44,0.6,8,Sunny,Poor,5
U032,2023-06-17,6,9.3,Good,6.3,33,1.3,8,Rainy,Good,4
U032,2023-06-18,5,7.7,Fair,5.1,35,0.3,7,Cloudy,Good,2
U032,2023-06-19,10,7.9,Poor,4.9,39,3.6,10,Rainy,Average,1
U032,2023-06-20,6,7.0,Good,8.0,21,3.7,7,Cloudy,Average,3
U032,2023-06-21,5,7.9,Excellent,6.6,36,0.4,7,Rainy,Good,5
U032,2023-06-22,5,3.0,Fair,8.4,0,2.9,3,Rainy,Good,5
U032,2023-06-23,4,6.0,Excellent,7.2,56,0.7,5,Rainy,Good,6
U032,2023-06-24,8,8.6,Good,6.2,0,5.2,9,Sunny,Good,1
U032,2023-06-25,10,8.8,Excellent,6.3,32,0.0,10,Sunny,Good,1
U032,2023-06-26,10,8.5,Excellent,5.4,25,4.0,10,Sunny,Good,1
U032,2023-06-27,5,6.7,Excellent,7.4,23,4.8,6,Cloudy,Good,5
U032,2023-06-28,7,6.7,Good,3.3,21,4.0,8,Sunny,Average,3
U032,2023-06-29,8,8.9,Fair,1.0,26,1.3,10,Sunny,Good,1
U032,2023-06-30,4,4.9,Fair,4.7,42,2.1,4,Rainy,Average,6
U033,2023-06-01,7,7.1,Good,6.6,40,0.3,8,Sunny,Good,1
U033,2023-06-02,9,8.0,Poor,5.4,37,1.0,10,Cloudy,Average,1
U033,2023-06-03,8,7.1,Good,5.8,44,0.9,10,Sunny,Good,1
U033,2023-06-04,4,7.0,Good,2.6,34,0.2,5,Cloudy,Poor,6
U033,2023-06-05,8,5.7,Good,4.6,16,2.9,8,Sunny,Good,2
U033,2023-06-06,8,7.6,Excellent,4.0,30,3.0,9,Sunny,Good,1
U033,2023-06-07,2,4.5,Excellent,3.6,38,1.9,2,Cloudy,Good,10
U033,2023-06-08,6,6.8,Fair,5.4,17,3.4,6,Rainy,Good,5
U033,2023-06-09,5,6.9,Good,10.1,33,0.2,6,Sunny,Average,2
U033,2023-06-10,7,5.7,Excellent,6.0,21,2.3,7,Cloudy,Poor,4
U033,2023-06-11,2,4.9,Good,4.8,23,1.1,2,Sunny,Good,9
U033,2023-06-12,6,6.3,Good,3.1,27,2.2,7,Sunny,Good,4
U033,2023-06-13,4,7.2,Excellent,3.3,28,4.1,5,Rainy,Poor,5
U033,2023-06-14,2,3.0,Fair,7.5,24,1.7,1,Rainy,Average,9
U033,2023-06-15,9,8.7,Excellent,8.0,28,2.2,10,Cloudy,Good,1
U033,2023-06-16,7,8.7,Poor,5.9,41,0.6,9,Rainy,Good,5
U033,2023-06-17,10,7.2,Good,2.2,56,0.0,10,Cloudy,Good,1
U033,2023-06-18,2,6.7,Poor,3.1,45,2.4,3,Cloudy,Average,7
U033,2023-06-19,6,9.5,Good,5.7,23,4.4,8,Cloudy,Good,5
U033,2023-06-20,8,7.5,Good,4.4,16,2.3,9,Cloudy,Good,4
U033,2023-06-21,5,8.5,Excellent,5.4,45,0.9,7,Rainy,Good,6
U033,2023-06-22,6,6.6,Fair,5.9,16,2.1,6,Rainy,Average,5
U033,2023-06-23,2,6.0,Good,5.4,2,1.6,2,Sunny,Good,6
U033,2023-06-24,3,5.6,Good,3.0,62,2.3,4,Rainy,Poor,6
U033,2023-06-25,7,7.1,Fair,6.3,12,2.1,7,Cloudy,Good,4
U033,2023-06-26,4,5.5,Excellent,4.7,28,1.7,4,Sunny,Good,4
U033,2023-06-27,3,4.5,Fair,2.2,23,1.1,3,Sunny,Good,6
U033,2023-06-28,6,7.6,Good,4.3,16,3.4,7,Cloudy,Average,4
U033,2023-06-29,4,7.0,Fair,5.1,22,1.2,5,Sunny,Average,6
U033,2023-06-30,5,7.5,Poor,6.7,44,1.3,7,Cloudy,Good,5
U034,2023-06-01,5,5.7,Fair,4.5,25,1.7,5,Sunny,Good,6
U034,2023-06-02,1,4.4,Excellent,1.8,31,3.6,1,Rainy,Good,9
U034,2023-06-03,5,5.5,Good,6.4,26,3.6,5,Sunny,Good,5
U034,2023-06-04,5,3.9,Excellent,3.3,41,2.6,5,Sunny,Good,4
U034,2023-06-05,5,4.7,Excellent,6.3,38,1.8,5,Cloudy,Good,5
U034,2023-06-06,7,5.8,Good,7.9,22,0.9,7,Cloudy,Good,1
U034,2023-06-07,9,9.5,Good,5.4,35,0.1,10,Rainy,Average,1
U034,2023-06-08,4,8.7,Fair,6.4,18,2.2,5,Rainy,Average,8
U034,2023-06-09,8,5.8,Good,6.3,21,3.8,8,Cloudy,Good,1
U034,2023-06-10,6,5.4,Poor,3.1,40,2.2,7,Cloudy,Good,6
U034,2023-06-11,10,7.5,Fair,5.3,36,1.8,10,Rainy,Good,1
U034,2023-06-12,7,9.3,Excellent,1.3,42,3.2,10,Cloudy,Good,2
U034,2023-06-13,3,5.5,Poor,7.5,38,3.7,4,Cloudy,Good,8
U034,2023-06-14,4,7.3,Good,7.7,41,0.8,6,Rainy,Poor,6
U034,2023-06-15,5,7.5,Good,6.9,37,1.0,6,Rainy,Good,4
U034,2023-06-16,3,6.0,Poor,7.3,12,4.0,3,Cloudy,Good,5
U034,2023-06-17,5,10.0,Fair,4.5,40,0.8,8,Rainy,Poor,3
U034,2023-06-18,1,6.3,Good,5.5,36,2.1,2,Cloudy,Good,10
U034,2023-06-19,9,7.6,Fair,6.9,0,0.0,9,Rainy,Good,1
U034,2023-06-20,4,8.4,Good,2.2,43,2.5,6,Rainy,Good,4
U034,2023-06-21,3,6.5,Fair,7.2,50,1.6,4,Cloudy,Good,7
U034,2023-06-22,2,5.6,Excellent,9.4,62,3.2,3,Rainy,Good,9
U034,2023-06-23,5,8.5,Fair,4.0,20,4.2,6,Sunny,Average,6
U034,2023-06-24,9,6.5,Excellent,7.1,19,1.1,9,Sunny,Good,1
U034,2023-06-25,4,5.9,Fair,4.9,14,4.7,4,Sunny,Average,5
U034,2023-06-26,5,7.3,Excellent,5.9,36,1.6,6,Sunny,Good,5
U034,2023-06-27,7,9.4,Excellent,4.3,30,1.7,9,Sunny,Average,3
U034,2023-06-28,6,7.0,Good,4.6,31,3.5,7,Cloudy,Poor,6
U034,2023-06-29,10,9.4,Fair,6.3,26,1.6,10,Cloudy,Poor,1
U034,2023-06-30,8,4.4,Fair,6.0,16,0.0,7,Rainy,Average,1
U035,2023-06-01,3,4.4,Fair,9.3,28,1.0,3,Sunny,Poor,7
U035,2023-06-02,4,4.9,Fair,6.4,24,3.9,4,Sunny,Good,8
U035,2023-06-03,5,5.7,Good,4.4,29,0.8,5,Sunny,Poor,6
U035,2023-06-04,4,7.2,Poor,3.5,19,1.7,5,Rainy,Good,6
U035,2023-06-05,4,6.3,Good,6.4,42,1.3,5,Sunny,Average,6
U035,2023-06-06,6,6.4,Excellent,2.9,32,3.9,7,Rainy,Poor,5
U035,2023-06-07,7,6.2,Excellent,8.2,21,1.1,7,Sunny,Average,2
U035,2023-06-08,1,5.6,Fair,2.7,16,2.2,1,Sunny,Good,10
U035,2023-06-09,6,4.9,Good,6.5,22,2.2,6,Cloudy,Average,2
U035,2023-06-10,10,7.1,Excellent,3.6,18,1.6,10,Sunny,Good,1
U035,2023-06-11,5,7.8,Excellent,7.7,41,2.4,7,Cloudy,Average,6
U035,2023-06-12,6,5.7,Excellent,4.8,28,2.3,6,Sunny,Good,4
U035,2023-06-13,7,9.0,Excellent,2.1,23,1.9,9,Sunny,Good,3
U035,2023-06-14,7,9.0,Good,2.2,44,1.8,9,Rainy,Good,3
U035,2023-06-15,9,8.7,Excellent,2.4,39,2.1,10,Cloudy,Good,2
U035,2023-06-16,7,7.8,Good,6.4,0,0.3,7,Sunny,Average,2
U035,2023-06-17,8,8.8,Good,5.1,63,0.7,10,Sunny,Good,3
U035,2023-06-18,6,6.1,Good,3.5,47,0.1,7,Rainy,Good,4
U035,2023-06-19,6,6.4,Fair,5.1,48,2.3,7,Sunny,Good,3
U035,2023-06-20,6,8.6,Good,3.4,44,4.4,8,Rainy,Good,3
U035,2023-06-21,8,8.9,Fair,1.4,9,0.0,9,Sunny,Good,1
U035,2023-06-22,4,7.6,Good,3.0,22,1.4,5,Rainy,Average,6
U035,2023-06-23,9,7.5,Excellent,4.9,34,2.6,10,Cloudy,Good,1
U035,2023-06-24,10,8.4,Good,4.0,23,3.4,10,Sunny,Average,1
U035,2023-06-25,5,8.6,Poor,7.9,28,2.2,7,Rainy,Good,6
U035,2023-06-26,6,6.0,Good,4.4,41,0.2,7,Rainy,Good,5
U035,2023-06-27,4,5.5,Fair,2.3,23,4.8,4,Cloudy,Average,5
U035,2023-06-28,8,7.3,Good,1.6,48,1.0,10,Sunny,Poor,2
U035,2023-06-29,8,6.5,Poor,3.2,28,0.5,9,Cloudy,Good,2
U035,2023-06-30,5,8.3,Poor,5.4,0,0.4,6,Cloudy,Good,3
U036,2023-06-01,4,6.2,Excellent,5.1,34,1.3,5,Cloudy,Good,5
U036,2023-06-02,6,6.1,Excellent,6.5,16,2.2,6,Cloudy,Good,4
U036,2023-06-03,9,6.6,Excellent,5.8,26,3.6,10,Rainy,Good,1
U036,2023-06-04,6,8.1,Good,2.6,30,1.9,8,Sunny,Poor,4
U036,2023-06-05,5,4.8,Good,6.2,46,1.8,5,Cloudy,Good,4
U036,2023-06-06,6,7.0,Excellent,9.9,34,0.0,7,Cloudy,Good,4
U036,2023-06-07,3,9.0,Fair,2.4,44,2.2,5,Sunny,Good,8
U036,2023-06-08,2,5.9,Excellent,1.0,27,2.2,2,Cloudy,Good,7
U036,2023-06-09,5,7.3,Excellent,3.2,2,1.1,5,Rainy,Good,5
U036,2023-06-10,10,6.3,Good,2.0,34,2.4,10,Rainy,Good,2
U036,2023-06-11,5,6.8,Fair,6.1,30,1.3,6,Rainy,Good,5
U036,2023-06-12,6,9.4,Good,8.3,39,1.6,8,Sunny,Good,3
U036,2023-06-13,6,6.0,Fair,4.2,46,2.7,7,Sunny,Good,3
U036,2023-06-14,5,3.0,Fair,7.7,27,2.0,4,Sunny,Good,4
U036,2023-06-15,7,6.2,Good,7.1,34,3.1,8,Cloudy,Good,4
U036,2023-06-16,4,8.4,Good,4.2,31,4.9,6,Rainy,Poor,6
U036,2023-06-17,10,7.8,Good,4.3,27,3.5,10,Cloudy,Good,1
U036,2023-06-18,2,5.3,Good,5.9,25,2.0,2,Cloudy,Average,8
U036,2023-06-19,7,5.6,Good,4.0,19,0.0,7,Sunny,Good,2
U036,2023-06-20,2,8.2,Good,3.5,47,2.8,4,Sunny,Good,9
U036,2023-06-21,8,8.3,Good,7.1,25,1.1,9,Sunny,Good,2
U036,2023-06-22,6,8.1,Excellent,3.7,21,1.8,7,Rainy,Good,3
U036,2023-06-23,5,5.0,Excellent,2.0,23,3.5,5,Rainy,Good,4
U036,2023-06-24,6,6.5,Good,5.4,18,1.9,6,Cloudy,Average,5
U036,2023-06-25,2,5.0,Poor,4.9,29,0.8,2,Rainy,Good,7
U036,2023-06-26,5,8.2,Excellent,3.3,46,0.1,7,Rainy,Average,4
U036,2023-06-27,6,4.3,Excellent,10.2,19,3.1,5,Cloudy,Average,5
U036,2023-06-28,6,8.0,Fair,4.4,24,1.7,7,Sunny,Average,6
U036,2023-06-29,10,7.3,Fair,3.7,15,4.1,10,Cloudy,Average,1
U036,2023-06-30,8,7.5,Fair,3.9,29,3.5,9,Sunny,Good,2
U037,2023-06-01,5,7.2,Good,6.4,56,5.1,7,Cloudy,Average,5
U037,2023-06-02,7,8.3,Good,5.2,14,0.8,8,Cloudy,Average,5
U037,2023-06-03,6,5.5,Excellent,5.4,14,2.7,6,Sunny,Good,4
U037,2023-06-04,4,8.6,Good,6.6,10,2.7,5,Sunny,Good,6
U037,2023-06-05,4,6.4,Excellent,3.2,28,0.9,5,Cloudy,Good,6
U037,2023-06-06,5,5.4,Poor,4.5,21,6.3,5,Rainy,Good,6
U037,2023-06-07,3,4.6,Poor,5.9,38,3.6,3,Rainy,Good,7
U037,2023-06-08,8,6.2,Excellent,6.4,27,0.0,8,Cloudy,Good,2
U037,2023-06-09,8,7.3,Good,1.9,22,3.2,9,Rainy,Good,3
U037,2023-06-10,9,7.4,Excellent,3.7,29,1.7,10,Cloudy,Good,1
U037,2023-06-11,6,6.0,Poor,2.5,33,0.6,7,Sunny,Good,3
U037,2023-06-12,5,5.8,Excellent,3.0,35,2.2,6,Rainy,Good,5
U037,2023-06-13,4,7.5,Poor,7.1,31,0.9,5,Cloudy,Good,7
U037,2023-06-14,5,7.0,Good,7.6,62,1.8,7,Sunny,Poor,8
U037,2023-06-15,5,4.2,Excellent,6.3,28,1.3,5,Cloudy,Good,4
U037,2023-06-16,8,7.5,Excellent,4.5,27,4.4,9,Sunny,Average,3
U037,2023-06-17,5,5.7,Good,7.3,21,5.0,5,Rainy,Good,6
U037,2023-06-18,8,8.3,Good,3.2,26,2.9,10,Cloudy,Average,2
U037,2023-06-19,6,5.3,Poor,7.8,14,0.0,6,Sunny,Good,3
U037,2023-06-20,7,5.8,Good,4.1,20,4.3,7,Rainy,Good,3
U037,2023-06-21,3,7.1,Excellent,5.2,28,4.1,4,Sunny,Good,7
U037,2023-06-22,4,7.4,Good,10.1,25,2.5,5,Rainy,Good,7
U037,2023-06-23,6,6.5,Excellent,4.1,28,4.9,7,Cloudy,Poor,4
U037,2023-06-24,7,7.5,Poor,7.6,45,1.7,9,Cloudy,Poor,4
U037,2023-06-25,6,7.9,Excellent,3.7,20,2.1,7,Cloudy,Good,3
U037,2023-06-26,6,7.6,Good,6.4,29,2.0,7,Rainy,Average,4
U037,2023-06-27,6,8.5,Excellent,4.3,24,5.5,8,Rainy,Good,4
U037,2023-06-28,4,3.9,Excellent,7.0,24,0.0,3,Cloudy,Average,6
U037,2023-06-29,6,6.1,Good,3.2,0,3.3,6,Sunny,Good,5
U037,2023-06-30,5,8.3,Poor,7.6,18,1.7,6,Rainy,Good,5
U038,2023-06-01,8,8.2,Good,5.1,14,1.8,9,Rainy,Average,2
U038,2023-06-02,2,5.4,Excellent,4.9,48,3.8,3,Cloudy,Good,9
U038,2023-06-03,10,6.6,Excellent,5.9,31,2.7,10,Rainy,Good,1
U038,2023-06-04,5,7.5,Good,5.5,14,0.0,6,Cloudy,Poor,5
U038,2023-06-05,7,5.8,Fair,8.0,25,2.4,7,Rainy,Good,3
U038,2023-06-06,5,4.2,Excellent,6.6,16,0.5,4,Cloudy,Good,5
U038,2023-06-07,7,10.0,Excellent,5.1,41,1.8,10,Sunny,Good,3
U038,2023-06-08,9,7.9,Excellent,7.7,30,4.4,10,Rainy,Poor,2
U038,2023-06-09,5,7.3,Excellent,5.2,36,3.7,6,Rainy,Good,5
U038,2023-06-10,6,9.0,Excellent,8.1,21,1.8,8,Sunny,Good,5
U038,2023-06-11,5,6.2,Good,6.6,2,1.2,5,Sunny,Good,6
U038,2023-06-12,9,8.0,Good,7.5,73,1.5,10,Rainy,Average,1
U038,2023-06-13,8,6.7,Excellent,1.1,50,1.7,10,Cloudy,Good,2
U038,2023-06-14,7,7.6,Poor,4.4,55,3.6,9,Sunny,Good,2
U038,2023-06-15,4,5.9,Good,2.7,16,2.3,4,Sunny,Good,6
U038,2023-06-16,7,6.4,Excellent,5.1,41,2.9,8,Rainy,Good,3
U038,2023-06-17,5,7.3,Good,5.3,22,2.8,6,Cloudy,Good,5
U038,2023-06-18,8,9.0,Excellent,3.2,21,0.0,10,Sunny,Poor,2
U038,2023-06-19,7,8.2,Good,6.8,24,4.0,8,Rainy,Good,3
U038,2023-06-20,5,7.0,Poor,4.0,69,0.0,7,Cloudy,Average,6
U038,2023-06-21,5,6.8,Good,5.3,42,1.9,6,Rainy,Good,5
U038,2023-06-22,6,8.1,Fair,2.5,20,2.1,7,Rainy,Average,4
U038,2023-06-23,4,4.7,Excellent,4.9,1,3.7,3,Cloudy,Good,5
U038,2023-06-24,7,10.0,Good,1.9,42,1.4,10,Cloudy,Poor,2
U038,2023-06-25,10,8.9,Good,2.9,29,0.0,10,Sunny,Good,1
U038,2023-06-26,1,4.0,Good,4.9,27,0.7,1,Rainy,Average,9
U038,2023-06-27,3,6.2,Fair,3.5,15,0.4,3,Cloudy,Good,7
U038,2023-06-28,8,6.5,Good,3.0,18,1.9,8,Sunny,Average,3
U038,2023-06-29,7,6.6,Good,5.9,45,2.1,8,Cloudy,Average,6
U038,2023-06-30,4,6.9,Excellent,6.2,5,2.0,4,Sunny,Poor,6
U039,2023-06-01,5,6.7,Excellent,3.3,47,3.7,6,Rainy,Good,5
U039,2023-06-02,7,6.4,Good,1.8,3,2.0,7,Rainy,Good,3
U039,2023-06-03,8,8.5,Excellent,5.5,0,0.6,9,Cloudy,Good,2
U039,2023-06-04,10,9.4,Poor,5.0,38,3.9,10,Sunny,Good,2
U039,2023-06-05,6,8.0,Good,3.9,34,1.3,8,Sunny,Average,4
U039,2023-06-06,6,4.7,Excellent,6.4,33,1.9,6,Cloudy,Good,4
U039,2023-06-07,7,6.5,Good,5.4,25,0.0,8,Rainy,Good,4
U039,2023-06-08,5,5.5,Fair,5.8,30,1.6,5,Rainy,Poor,4
U039,2023-06-09,6,8.1,Good,7.8,12,3.2,7,Rainy,Average,4
U039,2023-06-10,8,8.9,Excellent,4.4,28,1.2,10,Rainy,Good,2
U039,2023-06-11,5,3.2,Good,8.6,10,2.1,3,Cloudy,Good,6
U039,2023-06-12,6,6.3,Excellent,6.1,45,1.0,7,Sunny,Average,5
U039,2023-06-13,6,5.5,Excellent,4.0,38,2.2,7,Rainy,Good,5
U039,2023-06-14,8,8.5,Good,1.7,2,3.1,9,Rainy,Average,4
U039,2023-06-15,2,9.9,Excellent,7.4,34,4.1,5,Sunny,Good,8
U039,2023-06-16,7,8.4,Excellent,2.5,4,2.3,8,Rainy,Good,4
U039,2023-06-17,5,5.5,Excellent,4.1,48,4.7,6,Rainy,Good,5
U039,2023-06-18,10,7.9,Good,4.7,17,2.1,10,Sunny,Good,1
U039,2023-06-19,8,8.1,Excellent,2.9,4,3.0,9,Cloudy,Average,2
U039,2023-06-20,4,8.0,Fair,5.7,35,0.0,6,Rainy,Good,7
U039,2023-06-21,7,8.0,Good,1.0,32,2.5,9,Cloudy,Average,1
U039,2023-06-22,10,8.4,Good,8.3,16,0.7,10,Cloudy,Good,1
U039,2023-06-23,9,5.9,Excellent,2.3,40,1.4,10,Sunny,Good,2
U039,2023-06-24,6,7.0,Excellent,9.6,32,1.6,7,Cloudy,Good,5
U039,2023-06-25,8,8.1,Fair,6.8,30,0.0,10,Sunny,Good,1
U039,2023-06-26,6,6.7,Poor,2.3,8,3.0,6,Rainy,Good,3
U039,2023-06-27,7,9.8,Good,5.8,34,3.3,10,Rainy,Average,2
U039,2023-06-28,4,5.8,Excellent,1.0,6,1.4,4,Rainy,Average,7
U039,2023-06-29,5,6.3,Excellent,6.3,37,0.0,6,Sunny,Average,6
U039,2023-06-30,6,5.0,Excellent,4.8,38,2.5,6,Sunny,Good,4
U040,2023-06-01,6,6.5,Good,2.6,35,1.7,7,Rainy,Good,5
U040,2023-06-02,8,8.3,Poor,3.7,27,3.8,10,Rainy,Average,1
U040,2023-06-03,6,6.2,Excellent,2.4,43,2.5,7,Sunny,Good,5
U040,2023-06-04,4,10.0,Good,3.0,19,1.3,6,Cloudy,Good,6
U040,2023-06-05,5,5.1,Excellent,3.6,44,3.5,6,Cloudy,Good,6
U040,2023-06-06,6,6.3,Excellent,4.1,20,1.6,6,Cloudy,Good,3
U040,2023-06-07,5,6.0,Good,3.8,39,2.3,6,Rainy,Good,4
U040,2023-06-08,7,6.6,Excellent,2.3,23,4.3,8,Sunny,Poor,2
U040,2023-06-09,7,5.6,Excellent,4.8,29,0.0,7,Rainy,Good,3
U040,2023-06-10,5,7.2,Fair,1.3,53,1.7,7,Rainy,Good,6
U040,2023-06-11,4,7.1,Excellent,4.6,46,3.7,6,Rainy,Average,5
U040,2023-06-12,5,6.2,Fair,7.5,44,0.6,6,Cloudy,Good,4
U040,2023-06-13,6,7.1,Good,5.7,54,3.3,8,Cloudy,Average,5
U040,2023-06-14,6,7.2,Good,5.7,24,0.0,7,Rainy,Good,6
U040,2023-06-15,4,9.5,Good,6.1,45,0.5,7,Sunny,Poor,5
U040,2023-06-16,7,5.5,Good,4.9,21,1.9,7,Cloudy,Average,3
U040,2023-06-17,9,6.1,Excellent,2.6,28,2.3,9,Rainy,Good,2
U040,2023-06-18,7,7.9,Good,4.5,39,2.2,9,Cloudy,Average,4
U040,2023-06-19,7,8.8,Excellent,4.7,0,2.5,8,Sunny,Average,2
U040,2023-06-20,5,7.0,Excellent,1.9,27,2.2,6,Sunny,Good,6
U040,2023-06-21,6,7.6,Fair,3.8,22,0.8,7,Cloudy,Good,6
U040,2023-06-22,7,10.0,Good,6.1,45,1.7,10,Rainy,Good,4
U040,2023-06-23,7,7.7,Good,3.3,54,1.8,9,Sunny,Average,3
U040,2023-06-24,1,8.8,Good,2.4,58,0.0,4,Sunny,Average,10
U040,2023-06-25,6,8.4,Good,11.0,20,3.2,7,Sunny,Good,4
U040,2023-06-26,7,6.3,Fair,7.5,27,1.4,8,Cloudy,Good,3
U040,2023-06-27,7,7.6,Excellent,7.2,39,0.7,9,Sunny,Good,2
U040,2023-06-28,10,8.5,Good,5.1,25,3.9,10,Rainy,Good,1
U040,2023-06-29,5,7.3,Good,5.9,28,2.0,6,Sunny,Good,5
U040,2023-06-30,7,7.7,Excellent,5.7,15,3.3,8,Sunny,Good,3
U041,2023-06-01,7,5.2,Excellent,3.4,48,3.9,8,Rainy,Good,2
U041,2023-06-02,5,3.7,Fair,4.9,19,1.8,4,Sunny,Good,7
U041,2023-06-03,4,6.5,Excellent,8.0,13,1.5,4,Rainy,Good,7
U041,2023-06-04,8,5.9,Excellent,7.4,15,3.0,8,Cloudy,Average,1
U041,2023-06-05,8,5.6,Fair,6.2,37,2.6,9,Sunny,Poor,4
U041,2023-06-06,5,7.2,Poor,5.4,12,0.0,6,Rainy,Good,5
U041,2023-06-07,5,7.0,Good,7.0,33,1.9,6,Rainy,Average,6
U041,2023-06-08,5,6.1,Good,5.4,48,0.0,6,Rainy,Good,5
U041,2023-06-09,8,8.0,Poor,6.4,54,2.3,10,Sunny,Average,1
U041,2023-06-10,6,7.0,Excellent,4.8,14,1.6,6,Rainy,Good,2
U041,2023-06-11,4,6.2,Good,6.7,39,0.5,5,Sunny,Good,6
U041,2023-06-12,6,8.4,Good,9.4,22,2.0,7,Cloudy,Average,4
U041,2023-06-13,7,6.7,Fair,5.1,22,2.0,8,Cloudy,Good,3
U041,2023-06-14,6,7.2,Excellent,6.4,28,0.0,7,Cloudy,Good,4
U041,2023-06-15,4,6.1,Good,5.0,6,0.0,4,Cloudy,Average,6
U041,2023-06-16,9,7.0,Good,6.9,19,1.2,10,Rainy,Poor,2
U041,2023-06-17,10,6.3,Excellent,5.3,52,2.9,10,Rainy,Average,1
U041,2023-06-18,5,9.3,Excellent,4.5,37,0.8,7,Cloudy,Poor,7
U041,2023-06-19,9,7.3,Excellent,1.6,7,0.0,9,Rainy,Average,1
U041,2023-06-20,2,8.4,Good,5.0,39,2.8,4,Sunny,Average,8
U041,2023-06-21,4,5.6,Good,3.0,20,2.0,4,Sunny,Good,7
U041,2023-06-22,8,9.9,Fair,4.2,53,1.4,10,Sunny,Good,1
U041,2023-06-23,5,7.2,Excellent,4.2,23,4.5,6,Cloudy,Good,6
U041,2023-06-24,7,8.2,Good,4.8,41,3.0,9,Cloudy,Average,3
U041,2023-06-25,7,7.1,Fair,5.2,41,0.2,8,Rainy,Good,3
U041,2023-06-26,9,9.0,Good,6.4,26,2.4,10,Sunny,Poor,1
U041,2023-06-27,8,5.8,Fair,9.9,26,4.4,8,Cloudy,Good,3
U041,2023-06-28,4,4.8,Good,2.9,26,3.2,4,Sunny,Poor,5
U041,2023-06-29,7,6.9,Excellent,5.9,41,2.2,8,Cloudy,Poor,3
U041,2023-06-30,5,7.2,Excellent,6.3,29,1.9,6,Sunny,Good,5
U042,2023-06-01,5,6.2,Excellent,4.6,34,0.9,6,Rainy,Good,5
U042,2023-06-02,1,7.0,Excellent,3.1,29,2.2,2,Rainy,Poor,8
U042,2023-06-03,5,9.5,Excellent,4.7,33,3.9,7,Sunny,Average,5
U042,2023-06-04,4,5.8,Good,4.2,30,4.2,4,Cloudy,Good,6
U042,2023-06-05,6,6.7,Excellent,5.9,22,0.0,7,Rainy,Good,4
U042,2023-06-06,6,6.7,Excellent,3.3,36,4.7,7,Sunny,Average,3
U042,2023-06-07,6,7.4,Good,5.2,20,1.2,7,Rainy,Good,4
U042,2023-06-08,7,7.8,Good,5.5,26,2.8,8,Cloudy,Good,2
U042,2023-06-09,8,8.0,Excellent,1.0,27,2.4,9,Sunny,Good,1
U042,2023-06-10,9,6.2,Excellent,8.9,37,2.8,10,Rainy,Good,1
U042,2023-06-11,5,7.5,Fair,5.2,21,2.3,6,Cloudy,Average,4
U042,2023-06-12,6,6.5,Good,5.3,29,0.1,7,Cloudy,Average,4
U042,2023-06-13,10,6.8,Excellent,7.2,15,0.3,10,Rainy,Average,1
U042,2023-06-14,5,6.9,Excellent,6.4,15,0.7,5,Sunny,Good,7
U042,2023-06-15,6,7.0,Good,5.8,7,1.4,6,Rainy,Good,3
U042,2023-06-16,7,6.8,Excellent,5.3,45,2.6,8,Rainy,Average,2
U042,2023-06-17,10,10.0,Good,5.9,50,1.1,10,Rainy,Average,1
U042,2023-06-18,3,5.5,Good,1.0,38,2.4,4,Rainy,Good,8
U042,2023-06-19,5,7.1,Good,7.3,65,2.6,7,Rainy,Good,5
U042,2023-06-20,6,9.1,Good,1.0,51,2.8,9,Rainy,Good,5
U042,2023-06-21,6,6.9,Good,7.4,70,0.3,8,Sunny,Good,4
U042,2023-06-22,7,5.7,Good,4.7,36,3.4,8,Sunny,Good,2
U042,2023-06-23,7,6.0,Excellent,1.8,50,4.9,8,Cloudy,Average,2
U042,2023-06-24,4,4.4,Poor,2.6,36,2.2,4,Cloudy,Average,7
U042,2023-06-25,4,7.4,Good,1.0,10,0.0,5,Cloudy,Average,7
U042,2023-06-26,4,5.7,Good,6.0,20,0.3,4,Sunny,Good,6
U042,2023-06-27,4,7.1,Good,3.2,36,5.5,5,Rainy,Poor,5
U042,2023-06-28,5,8.0,Excellent,6.9,26,0.7,6,Rainy,Average,4
U042,2023-06-29,6,8.6,Fair,4.8,52,1.4,9,Cloudy,Good,3
U042,2023-06-30,3,7.2,Excellent,7.4,0,1.3,3,Rainy,Good,6
U043,2023-06-01,5,8.2,Excellent,5.0,34,0.4,7,Rainy,Poor,6
U043,2023-06-02,3,7.5,Excellent,4.1,10,1.7,4,Rainy,Good,8
U043,2023-06-03,7,5.5,Poor,3.8,47,0.0,8,Sunny,Average,3
U043,2023-06-04,7,6.7,Fair,3.3,43,1.2,8,Rainy,Good,3
U043,2023-06-05,8,6.9,Good,4.1,35,1.3,9,Rainy,Average,2
U043,2023-06-06,5,6.8,Excellent,5.9,36,1.5,6,Rainy,Good,4
U043,2023-06-07,8,8.4,Excellent,10.6,56,2.5,10,Sunny,Good,1
U043,2023-06-08,8,8.2,Excellent,3.9,52,0.0,10,Cloudy,Good,2
U043,2023-06-09,3,4.8,Excellent,6.5,28,1.5,3,Sunny,Poor,7
U043,2023-06-10,6,7.5,Fair,4.8,39,2.4,8,Sunny,Good,4
U043,2023-06-11,4,6.2,Good,3.8,23,2.0,4,Rainy,Average,7
U043,2023-06-12,7,8.7,Fair,4.8,18,1.2,8,Cloudy,Average,2
U043,2023-06-13,4,7.0,Good,4.7,12,1.8,4,Sunny,Good,6
U043,2023-06-14,8,7.7,Excellent,8.2,43,3.1,10,Rainy,Good,2
U043,2023-06-15,8,10.0,Good,6.9,14,1.7,10,Sunny,Average,2
U043,2023-06-16,2,3.5,Excellent,6.4,25,3.1,1,Cloudy,Poor,9
U043,2023-06-17,2,7.0,Fair,5.6,24,0.3,3,Sunny,Good,7
U043,2023-06-18,8,6.2,Good,8.2,26,4.0,8,Cloudy,Poor,1
U043,2023-06-19,5,7.4,Poor,4.4,39,1.2,6,Sunny,Good,6
U043,2023-06-20,10,7.5,Good,6.8,12,1.9,10,Rainy,Poor,1
U043,2023-06-21,2,6.2,Excellent,3.4,35,1.7,3,Cloudy,Good,7
U043,2023-06-22,5,8.3,Excellent,3.7,0,0.6,6,Rainy,Average,4
U043,2023-06-23,8,6.4,Fair,3.1,45,1.2,9,Cloudy,Average,2
U043,2023-06-24,2,5.3,Good,6.9,0,1.7,1,Cloudy,Average,9
U043,2023-06-25,5,6.6,Fair,2.6,21,3.7,6,Cloudy,Good,5
U043,2023-06-26,7,6.4,Excellent,12.0,42,2.6,8,Cloudy,Good,3
U043,2023-06-27,7,9.3,Excellent,6.4,24,1.8,9,Cloudy,Good,2
U043,2023-06-28,7,5.8,Good,5.5,22,0.0,7,Cloudy,Good,3
U043,2023-06-29,3,7.7,Excellent,5.0,14,3.1,4,Sunny,Good,7
U043,2023-06-30,4,7.1,Good,3.9,12,1.6,4,Cloudy,Average,6
U044,2023-06-01,7,5.9,Good,5.1,0,2.7,6,Cloudy,Good,3
U044,2023-06-02,8,6.4,Fair,5.0,41,3.3,9,Rainy,Good,2
U044,2023-06-03,6,8.7,Excellent,5.5,23,1.3,8,Cloudy,Good,7
U044,2023-06-04,7,6.2,Good,5.5,44,4.5,8,Cloudy,Average,3
U044,2023-06-05,9,9.0,Good,5.2,0,0.5,10,Cloudy,Good,3
U044,2023-06-06,7,10.0,Good,4.9,16,0.0,9,Sunny,Good,1
U044,2023-06-07,5,5.4,Poor,6.3,45,0.8,6,Rainy,Average,4
U044,2023-06-08,1,5.6,Good,4.3,36,3.7,1,Cloudy,Good,8
U044,2023-06-09,9,9.6,Poor,6.0,59,1.2,10,Sunny,Poor,1
U044,2023-06-10,3,7.7,Excellent,6.4,39,3.0,5,Rainy,Good,7
U044,2023-06-11,5,6.6,Fair,5.0,17,2.1,5,Rainy,Average,4
U044,2023-06-12,10,10.0,Good,1.0,23,2.7,10,Rainy,Good,1
U044,2023-06-13,5,4.8,Fair,5.2,54,1.2,6,Cloudy,Average,4
U044,2023-06-14,4,5.0,Fair,6.0,46,0.8,5,Rainy,Good,3
U044,2023-06-15,6,5.3,Good,4.2,29,3.0,6,Cloudy,Good,6
U044,2023-06-16,7,4.0,Good,8.9,11,2.2,6,Sunny,Good,4
U044,2023-06-17,4,5.9,Good,1.0,32,2.1,5,Cloudy,Good,5
U044,2023-06-18,4,5.9,Excellent,3.7,22,1.1,4,Cloudy,Good,3
U044,2023-06-19,7,5.9,Excellent,7.3,19,2.6,7,Rainy,Average,3
U044,2023-06-20,8,7.7,Poor,4.9,15,0.4,9,Rainy,Good,2
U044,2023-06-21,4,7.6,Excellent,6.7,28,3.3,5,Rainy,Good,6
U044,2023-06-22,6,5.9,Good,5.5,43,2.7,7,Rainy,Good,4
U044,2023-06-23,7,9.8,Fair,6.8,15,0.3,9,Rainy,Good,3
U044,2023-06-24,6,7.8,Fair,4.6,26,1.6,7,Sunny,Average,4
U044,2023-06-25,7,7.2,Excellent,3.8,32,0.0,8,Rainy,Average,4
U044,2023-06-26,7,9.6,Fair,4.8,28,2.1,9,Sunny,Average,5
U044,2023-06-27,4,4.2,Excellent,6.2,33,0.3,4,Rainy,Average,4
U044,2023-06-28,6,6.7,Excellent,3.3,27,2.9,7,Rainy,Average,6
U044,2023-06-29,6,6.6,Good,2.5,39,2.2,7,Sunny,Good,4
U044,2023-06-30,5,8.1,Excellent,4.6,38,2.9,7,Cloudy,Good,5
U045,2023-06-01,5,3.2,Fair,5.8,33,1.7,4,Cloudy,Good,5
U045,2023-06-02,6,7.4,Poor,4.1,18,1.6,7,Sunny,Good,4
U045,2023-06-03,8,8.6,Good,4.4,33,1.7,10,Rainy,Poor,2
U045,2023-06-04,3,4.4,Excellent,1.0,31,1.7,3,Sunny,Average,8
U045,2023-06-05,7,7.8,Excellent,3.7,36,1.7,9,Cloudy,Good,2
U045,2023-06-06,4,8.4,Good,2.1,30,1.7,6,Sunny,Average,7
U045,2023-06-07,7,9.8,Excellent,6.3,23,0.5,9,Cloudy,Good,1
U045,2023-06-08,8,3.8,Good,7.8,36,3.7,8,Sunny,Good,4
U045,2023-06-09,10,7.7,Excellent,3.7,27,3.0,10,Sunny,Good,1
U045,2023-06-10,6,6.9,Excellent,4.4,51,0.0,8,Rainy,Good,3
U045,2023-06-11,3,5.2,Good,1.2,8,0.0,2,Rainy,Poor,7
U045,2023-06-12,5,7.3,Good,7.3,19,0.0,6,Cloudy,Good,4
U045,2023-06-13,9,9.5,Good,4.3,8,0.2,10,Sunny,Good,1
U045,2023-06-14,6,4.5,Excellent,6.5,2,3.0,5,Sunny,Good,4
U045,2023-06-15,5,6.2,Good,6.5,8,2.7,5,Sunny,Good,5
U045,2023-06-16,8,6.7,Poor,7.3,24,4.9,9,Cloudy,Average,1
U045,2023-06-17,6,6.0,Excellent,6.7,31,4.6,7,Rainy,Good,4
U045,2023-06-18,3,8.3,Poor,4.3,38,0.7,5,Sunny,Good,7
U045,2023-06-19,6,8.5,Good,5.7,23,1.2,8,Cloudy,Good,5
U045,2023-06-20,4,6.4,Good,1.0,37,4.3,5,Rainy,Good,6
U045,2023-06-21,4,6.8,Excellent,2.7,48,0.9,6,Rainy,Average,7
U045,2023-06-22,6,8.4,Fair,1.6,15,2.9,7,Sunny,Good,5
U045,2023-06-23,8,6.1,Excellent,5.9,48,4.9,9,Cloudy,Average,3
U045,2023-06-24,8,7.4,Excellent,5.8,0,1.8,8,Sunny,Average,2
U045,2023-06-25,9,7.5,Excellent,7.6,38,0.1,10,Rainy,Average,1
U045,2023-06-26,3,6.6,Excellent,4.6,23,2.2,4,Rainy,Good,9
U045,2023-06-27,4,5.3,Excellent,3.8,0,2.3,3,Cloudy,Poor,6
U045,2023-06-28,3,6.8,Excellent,3.2,18,2.9,4,Cloudy,Good,5
U045,2023-06-29,7,8.7,Excellent,2.2,0,2.5,8,Sunny,Good,3
U045,2023-06-30,4,7.1,Excellent,5.5,36,1.9,5,Rainy,Good,7
U046,2023-06-01,6,4.6,Excellent,5.6,30,3.3,6,Cloudy,Good,3
U046,2023-06-02,5,7.9,Poor,3.9,5,2.9,6,Cloudy,Good,4
U046,2023-06-03,4,8.2,Good,8.9,54,4.2,6,Rainy,Good,4
U046,2023-06-04,3,5.0,Good,5.7,37,2.2,3,Cloudy,Average,8
U046,2023-06-05,10,7.7,Excellent,2.5,42,0.0,10,Rainy,Average,1
U046,2023-06-06,5,6.2,Poor,6.6,11,2.1,5,Rainy,Good,5
U046,2023-06-07,6,5.6,Excellent,1.6,28,1.2,6,Cloudy,Good,4
U046,2023-06-08,6,5.4,Good,6.5,43,1.8,7,Rainy,Good,4
U046,2023-06-09,7,7.6,Good,1.3,15,0.8,8,Cloudy,Good,3
U046,2023-06-10,8,7.5,Poor,7.0,30,3.3,9,Cloudy,Average,4
U046,2023-06-11,8,6.0,Fair,6.6,12,2.7,8,Rainy,Average,2
U046,2023-06-12,7,6.3,Good,4.7,36,0.9,8,Rainy,Good,1
U046,2023-06-13,6,10.0,Fair,5.4,51,1.0,9,Cloudy,Average,7
U046,2023-06-14,7,6.3,Excellent,6.0,58,5.7,9,Rainy,Average,3
U046,2023-06-15,3,6.7,Good,4.5,40,3.4,4,Rainy,Average,7
U046,2023-06-16,5,6.9,Good,2.9,48,0.2,7,Rainy,Average,6
U046,2023-06-17,8,7.2,Excellent,5.6,34,0.5,9,Cloudy,Good,3
U046,2023-06-18,6,7.1,Good,2.6,31,0.7,7,Sunny,Good,6
U046,2023-06-19,2,5.7,Good,5.5,36,0.9,3,Sunny,Good,8
U046,2023-06-20,7,6.0,Good,5.9,43,1.7,8,Rainy,Good,3
U046,2023-06-21,6,5.9,Poor,5.2,16,1.5,6,Rainy,Good,4
U046,2023-06-22,5,6.4,Excellent,6.3,62,0.4,7,Sunny,Average,3
U046,2023-06-23,2,7.5,Good,7.6,36,4.0,3,Rainy,Poor,9
U046,2023-06-24,3,5.8,Excellent,4.7,32,4.1,3,Rainy,Average,7
U046,2023-06-25,7,5.8,Fair,5.3,51,4.2,8,Rainy,Average,1
U046,2023-06-26,7,8.4,Good,4.7,41,4.7,9,Sunny,Good,5
U046,2023-06-27,7,7.5,Poor,3.5,29,2.7,8,Sunny,Good,4
U046,2023-06-28,3,5.4,Excellent,7.1,28,2.7,3,Cloudy,Good,9
U046,2023-06-29,4,7.0,Excellent,4.2,25,0.0,5,Sunny,Good,6
U046,2023-06-30,7,9.6,Fair,2.6,71,1.7,10,Sunny,Good,1
U047,2023-06-01,6,6.0,Fair,2.7,31,6.8,7,Cloudy,Good,4
U047,2023-06-02,6,4.4,Excellent,6.3,9,2.6,5,Rainy,Average,5
U047,2023-06-03,5,6.8,Poor,1.2,50,1.4,7,Cloudy,Average,5
U047,2023-06-04,10,9.9,Good,1.8,21,3.3,10,Sunny,Good,1
U047,2023-06-05,4,6.9,Excellent,1.0,31,1.6,5,Cloudy,Good,6
U047,2023-06-06,5,7.5,Good,7.9,14,5.2,6,Sunny,Poor,4
U047,2023-06-07,7,5.1,Fair,5.9,71,2.1,8,Cloudy,Average,4
U047,2023-06-08,8,8.5,Good,4.4,56,2.4,10,Rainy,Average,1
U047,2023-06-09,5,7.2,Poor,5.2,12,0.0,6,Rainy,Good,5
U047,2023-06-10,6,6.3,Excellent,2.9,0,0.0,6,Sunny,Good,4
U047,2023-06-11,9,8.2,Excellent,5.2,45,2.7,10,Rainy,Good,1
U047,2023-06-12,5,5.9,Good,1.9,21,2.0,5,Rainy,Average,4
U047,2023-06-13,8,5.2,Poor,7.3,16,3.1,8,Sunny,Poor,1
U047,2023-06-14,7,6.2,Excellent,6.4,30,2.5,8,Cloudy,Good,2
U047,2023-06-15,6,7.5,Fair,7.9,29,3.2,7,Rainy,Average,4
U047,2023-06-16,6,5.8,Fair,5.5,23,4.9,6,Rainy,Good,3
U047,2023-06-17,5,8.2,Good,7.3,26,1.9,6,Cloudy,Good,4
U047,2023-06-18,9,8.6,Good,8.9,21,4.8,10,Sunny,Average,2
U047,2023-06-19,3,5.0,Fair,4.4,35,1.0,3,Cloudy,Good,7
U047,2023-06-20,7,9.3,Fair,5.2,61,3.1,10,Rainy,Good,2
U047,2023-06-21,7,8.6,Good,2.1,31,2.5,9,Sunny,Good,4
U047,2023-06-22,2,6.1,Excellent,4.1,42,0.0,3,Sunny,Good,8
U047,2023-06-23,8,6.9,Excellent,7.1,54,0.0,10,Sunny,Good,5
U047,2023-06-24,6,6.3,Excellent,2.4,57,2.1,8,Sunny,Good,4
U047,2023-06-25,7,7.7,Good,6.6,17,1.8,8,Cloudy,Good,6
U047,2023-06-26,6,7.6,Excellent,7.4,33,1.9,7,Sunny,Good,4
U047,2023-06-27,10,7.9,Excellent,7.2,8,1.6,10,Rainy,Poor,1
U047,2023-06-28,5,6.7,Good,3.8,25,4.6,6,Rainy,Average,7
U047,2023-06-29,10,7.4,Poor,2.8,42,0.3,10,Sunny,Good,1
U047,2023-06-30,7,6.1,Good,1.0,8,4.3,7,Rainy,Average,2
U048,2023-06-01,8,8.0,Fair,2.0,39,4.4,10,Sunny,Average,1
U048,2023-06-02,3,5.6,Good,4.5,14,0.7,3,Rainy,Good,8
U048,2023-06-03,3,5.0,Poor,6.9,35,1.6,3,Rainy,Good,7
U048,2023-06-04,7,8.1,Fair,3.6,37,0.4,9,Rainy,Good,2
U048,2023-06-05,6,7.8,Excellent,4.3,7,1.3,7,Sunny,Good,5
U048,2023-06-06,4,6.2,Fair,5.8,43,0.9,5,Rainy,Average,8
U048,2023-06-07,7,5.1,Excellent,7.9,12,3.4,6,Rainy,Good,4
U048,2023-06-08,6,8.1,Fair,4.4,27,1.7,7,Cloudy,Average,2
U048,2023-06-09,8,9.2,Poor,6.2,44,1.9,10,Sunny,Good,3
U048,2023-06-10,2,6.3,Excellent,2.7,57,0.9,4,Rainy,Good,8
U048,2023-06-11,9,6.9,Good,3.9,18,0.9,10,Cloudy,Average,1
U048,2023-06-12,5,7.1,Fair,8.2,17,2.2,6,Cloudy,Good,6
U048,2023-06-13,6,3.6,Fair,4.3,30,0.6,5,Sunny,Good,5
U048,2023-06-14,2,9.2,Good,4.2,57,3.6,5,Sunny,Good,8
U048,2023-06-15,5,6.2,Good,6.2,5,0.6,5,Rainy,Good,6
U048,2023-06-16,5,8.1,Good,3.0,44,4.9,7,Sunny,Good,6
U048,2023-06-17,8,7.1,Fair,7.2,18,2.4,9,Cloudy,Good,1
U048,2023-06-18,6,8.6,Good,10.1,49,2.0,8,Sunny,Average,5
U048,2023-06-19,6,4.8,Excellent,3.5,26,0.5,6,Rainy,Good,4
U048,2023-06-20,7,4.3,Good,4.2,35,4.3,7,Cloudy,Good,3
U048,2023-06-21,5,6.3,Poor,2.7,29,3.0,6,Sunny,Good,4
U048,2023-06-22,5,6.5,Excellent,6.3,63,2.7,7,Cloudy,Average,3
U048,2023-06-23,4,8.6,Poor,2.5,17,3.3,5,Sunny,Good,6
U048,2023-06-24,5,5.5,Good,3.5,56,3.1,6,Sunny,Good,3
U048,2023-06-25,9,7.7,Poor,2.7,17,1.6,10,Rainy,Average,2
U048,2023-06-26,7,6.2,Good,7.4,13,1.1,7,Rainy,Good,2
U048,2023-06-27,5,6.4,Good,5.1,26,1.0,6,Rainy,Good,3
U048,2023-06-28,4,3.9,Poor,5.7,36,3.0,4,Cloudy,Average,4
U048,2023-06-29,4,5.0,Excellent,4.5,46,0.0,5,Rainy,Average,6
U048,2023-06-30,5,5.7,Excellent,4.3,43,3.2,6,Sunny,Average,6
U049,2023-06-01,9,6.8,Good,8.3,28,1.7,10,Cloudy,Average,1
U049,2023-06-02,9,8.6,Excellent,1.0,45,0.5,10,Cloudy,Good,1
U049,2023-06-03,7,6.3,Good,4.1,23,1.7,7,Sunny,Good,3
U049,2023-06-04,7,7.0,Excellent,5.1,31,0.0,8,Cloudy,Good,3
U049,2023-06-05,10,8.8,Poor,4.9,38,0.5,10,Sunny,Average,1
U049,2023-06-06,5,6.5,Excellent,5.1,14,1.8,5,Cloudy,Good,7
U049,2023-06-07,9,6.8,Fair,6.8,6,4.1,9,Sunny,Good,2
U049,2023-06-08,4,7.1,Fair,5.6,34,5.3,5,Cloudy,Average,5
U049,2023-06-09,6,8.4,Good,6.6,7,0.6,7,Rainy,Good,5
U049,2023-06-10,4,5.7,Good,5.3,36,3.6,5,Sunny,Average,6
U049,2023-06-11,6,5.4,Good,5.6,24,2.2,6,Cloudy,Good,4
U049,2023-06-12,9,6.0,Excellent,8.0,26,1.2,9,Cloudy,Good,1
U049,2023-06-13,5,6.3,Good,1.8,9,3.2,5,Sunny,Good,5
U049,2023-06-14,8,10.0,Good,5.2,47,0.8,10,Sunny,Good,2
U049,2023-06-15,7,9.4,Poor,2.7,27,0.0,9,Rainy,Average,2
U049,2023-06-16,7,8.2,Good,5.2,16,3.2,8,Sunny,Average,4
U049,2023-06-17,4,5.6,Good,3.2,41,3.6,5,Rainy,Average,4
U049,2023-06-18,7,6.1,Fair,5.7,30,0.0,8,Sunny,Good,3
U049,2023-06-19,2,6.1,Poor,3.9,23,2.4,2,Sunny,Poor,8
U049,2023-06-20,5,6.8,Good,6.0,12,2.2,5,Sunny,Good,2
U049,2023-06-21,10,9.6,Good,9.3,43,2.2,10,Cloudy,Average,1
U049,2023-06-22,5,5.4,Good,1.5,0,0.4,4,Cloudy,Average,5
U049,2023-06-23,3,8.2,Excellent,3.9,64,3.0,6,Sunny,Average,7
U049,2023-06-24,3,4.4,Excellent,5.5,31,0.0,3,Cloudy,Average,7
U049,2023-06-25,4,5.8,Excellent,6.7,27,3.7,4,Rainy,Poor,6
U049,2023-06-26,5,7.1,Good,3.1,22,1.8,6,Rainy,Average,6
U049,2023-06-27,9,7.2,Poor,5.7,31,2.5,10,Rainy,Good,1
U049,2023-06-28,6,7.4,Fair,7.0,30,3.0,7,Cloudy,Good,4
U049,2023-06-29,10,8.7,Excellent,5.4,11,1.0,10,Sunny,Good,1
U049,2023-06-30,9,10.0,Good,4.4,25,2.7,10,Sunny,Good,1
U050,2023-06-01,7,5.7,Fair,5.1,60,3.1,8,Sunny,Good,2
U050,2023-06-02,6,8.4,Good,5.1,33,0.0,8,Sunny,Good,5
U050,2023-06-03,1,6.7,Good,3.0,15,0.0,1,Sunny,Average,10
U050,2023-06-04,4,7.6,Fair,6.5,51,3.5,6,Sunny,Good,5
U050,2023-06-05,5,7.8,Good,5.7,38,3.7,7,Rainy,Good,3
U050,2023-06-06,6,7.1,Good,7.9,35,6.7,7,Cloudy,Poor,4
U050,2023-06-07,6,6.0,Fair,6.6,34,2.1,7,Sunny,Average,4
U050,2023-06-08,8,7.8,Good,4.7,29,4.2,9,Rainy,Average,1
U050,2023-06-09,4,8.8,Good,6.3,37,4.3,6,Cloudy,Poor,6
U050,2023-06-10,8,7.2,Excellent,4.8,24,3.0,9,Rainy,Good,3
U050,2023-06-11,4,5.4,Good,5.3,43,0.9,5,Sunny,Good,5
U050,2023-06-12,6,9.5,Poor,2.7,34,1.0,8,Sunny,Good,6
U050,2023-06-13,7,7.5,Good,5.9,31,1.5,8,Sunny,Good,3
U050,2023-06-14,5,5.9,Good,4.4,36,2.5,6,Cloudy,Good,5
U050,2023-06-15,8,7.0,Good,3.2,15,1.3,8,Sunny,Good,3
U050,2023-06-16,4,7.1,Good,3.1,20,2.4,5,Rainy,Good,7
U050,2023-06-17,9,7.8,Excellent,3.7,42,2.8,10,Sunny,Average,1
U050,2023-06-18,4,5.7,Fair,2.3,15,1.4,4,Cloudy,Good,7
U050,2023-06-19,2,4.0,Good,4.5,55,0.6,2,Cloudy,Good,9
U050,2023-06-20,6,4.1,Fair,5.6,37,0.9,6,Cloudy,Average,4
U050,2023-06-21,6,7.1,Fair,6.0,22,2.6,7,Rainy,Average,4
U050,2023-06-22,10,6.9,Good,3.8,54,0.4,10,Rainy,Average,1
U050,2023-06-23,10,7.8,Good,6.2,21,2.7,10,Rainy,Average,1
U050,2023-06-24,6,7.2,Fair,3.8,32,2.9,7,Sunny,Average,3
U050,2023-06-25,5,5.4,Fair,3.7,21,0.0,5,Sunny,Average,5
U050,2023-06-26,6,6.8,Fair,4.9,28,2.7,7,Sunny,Average,2
U050,2023-06-27,4,4.0,Fair,2.0,63,1.2,5,Rainy,Good,5
U050,2023-06-28,7,9.1,Fair,5.0,53,4.2,10,Sunny,Good,2
U050,2023-06-29,9,8.7,Fair,6.7,40,1.9,10,Sunny,Good,1
U050,2023-06-30,6,9.3,Excellent,2.2,34,0.5,8,Rainy,Good,3
