,traveltime,studytime,failures,schoolsup,famsup,paid,activities,internet,freetime,goout
0,2,2,0,yes,no,no,no,no,3,4
1,1,2,0,no,yes,no,no,yes,3,3
2,1,2,3,yes,no,yes,no,yes,3,2
3,1,3,0,no,yes,yes,yes,yes,2,2
4,1,2,0,no,yes,yes,no,no,3,2
5,1,2,0,no,yes,yes,yes,yes,4,2
6,1,2,0,no,no,no,no,yes,4,4
7,2,2,0,yes,yes,no,no,no,1,4
8,1,2,0,no,yes,yes,no,yes,2,2
9,1,2,0,no,yes,yes,yes,yes,5,1
10,1,2,0,no,yes,yes,no,yes,3,3
11,3,3,0,no,yes,no,yes,yes,2,2
12,1,1,0,no,yes,yes,yes,yes,3,3
13,2,2,0,no,yes,yes,no,yes,4,3
14,1,3,0,no,yes,no,no,yes,5,2
15,1,1,0,no,yes,no,no,yes,4,4
16,1,3,0,no,yes,yes,yes,yes,2,3
17,3,2,0,yes,yes,no,yes,no,3,2
18,1,1,3,no,yes,no,yes,yes,5,5
19,1,1,0,no,no,yes,yes,yes,1,3
20,1,2,0,no,no,no,no,yes,4,1
21,1,1,0,no,yes,yes,no,yes,4,2
22,1,2,0,no,no,no,yes,yes,5,1
23,2,2,0,no,yes,no,yes,yes,4,4
24,1,3,0,yes,yes,yes,yes,yes,3,2
25,1,1,2,no,yes,yes,no,yes,2,2
26,1,1,0,no,yes,yes,no,yes,2,2
27,1,1,0,no,no,yes,no,yes,2,4
28,1,2,0,yes,yes,no,yes,yes,3,3
29,1,2,0,no,yes,yes,yes,yes,4,5
30,1,2,0,no,yes,yes,no,yes,4,2
31,2,2,0,no,yes,no,yes,yes,3,1
32,1,2,0,no,yes,no,yes,yes,5,2
33,1,2,0,no,no,no,yes,yes,3,2
34,1,1,0,no,yes,yes,no,yes,4,3
35,2,1,0,no,yes,no,yes,no,5,1
36,1,3,0,no,yes,no,yes,yes,4,3
37,2,3,0,no,yes,no,yes,yes,4,3
38,1,3,0,yes,yes,yes,yes,yes,3,2
39,1,1,0,yes,yes,yes,yes,no,3,1
40,2,2,1,no,yes,no,yes,yes,3,3
41,1,1,0,no,yes,no,no,yes,4,3
42,1,2,0,no,yes,no,yes,yes,3,3
43,1,1,0,yes,yes,no,no,yes,4,1
44,2,2,1,yes,no,no,yes,yes,3,3
45,1,2,0,yes,yes,yes,yes,yes,2,2
46,1,2,0,no,yes,no,no,yes,3,5
47,1,4,0,no,no,no,yes,yes,2,2
48,1,2,0,no,yes,yes,no,no,3,3
49,1,2,1,yes,yes,no,yes,yes,4,4
50,3,2,0,no,yes,yes,no,yes,3,3
51,1,2,0,no,yes,yes,no,yes,3,3
52,2,1,1,no,no,no,no,no,5,5
53,1,1,0,yes,yes,yes,no,yes,3,4
54,1,1,0,no,no,yes,no,yes,3,4
55,1,2,0,no,no,yes,yes,yes,3,4
56,1,2,0,no,yes,yes,yes,yes,3,2
57,1,2,0,no,yes,no,yes,no,2,2
58,1,2,0,yes,yes,no,yes,yes,3,2
59,1,2,0,no,yes,no,no,yes,2,3
60,1,2,0,no,yes,no,yes,no,4,4
61,4,1,0,yes,yes,no,yes,yes,5,5
62,1,2,0,yes,no,no,yes,yes,4,3
63,1,3,0,yes,yes,yes,yes,yes,4,4
64,1,2,0,yes,no,no,yes,yes,4,4
65,3,2,0,no,yes,no,yes,yes,4,3
66,1,4,0,no,yes,no,yes,yes,3,3
67,1,4,0,yes,yes,yes,no,yes,3,3
68,2,2,0,yes,yes,yes,no,yes,1,3
69,2,4,0,no,yes,no,no,yes,4,2
70,2,4,0,no,yes,yes,no,yes,3,2
71,1,4,0,no,no,no,no,yes,3,3
72,1,2,2,yes,yes,no,no,yes,3,4
73,1,1,0,no,no,no,yes,no,3,2
74,1,2,0,yes,yes,yes,yes,yes,3,3
75,1,2,0,no,yes,yes,yes,yes,3,3
76,2,4,0,no,no,no,yes,yes,4,3
77,1,4,0,no,no,yes,no,yes,2,3
78,2,1,3,yes,yes,no,yes,yes,5,1
79,1,2,0,no,yes,no,no,yes,4,3
80,1,1,0,yes,yes,yes,yes,yes,2,2
81,1,3,0,yes,no,yes,no,yes,3,2
82,1,2,0,no,yes,yes,no,yes,4,4
83,2,2,0,no,no,yes,yes,yes,3,3
84,1,2,0,no,yes,no,yes,yes,3,2
85,2,2,2,no,no,yes,no,yes,4,4
86,1,2,0,no,yes,no,no,no,3,4
87,1,3,0,no,yes,no,yes,yes,3,3
88,2,2,1,no,no,yes,yes,yes,4,2
89,1,2,0,no,yes,no,no,no,1,3
90,1,3,0,no,yes,yes,no,yes,3,3
91,1,1,0,no,no,yes,yes,yes,5,5
92,1,2,0,yes,yes,no,no,no,3,3
93,2,2,0,no,yes,yes,yes,yes,3,3
94,1,4,0,no,yes,no,yes,yes,3,4
95,2,4,1,yes,yes,yes,yes,yes,1,2
96,2,1,0,yes,yes,no,yes,yes,3,3
97,1,2,0,no,yes,yes,no,no,3,5
98,1,1,0,no,no,no,yes,yes,3,4
99,1,3,0,yes,yes,yes,no,yes,3,5
100,1,1,0,yes,yes,yes,yes,yes,5,5
101,1,3,0,no,yes,no,yes,yes,4,3
102,1,1,0,no,yes,no,yes,yes,3,3
103,2,2,0,yes,yes,yes,no,yes,3,5
104,1,2,0,no,yes,yes,yes,yes,4,4
105,1,4,0,yes,no,no,no,no,3,3
106,1,4,0,yes,yes,yes,no,yes,1,2
107,1,3,0,no,yes,no,yes,yes,3,3
108,4,4,0,no,yes,yes,yes,yes,3,5
109,1,3,0,no,yes,yes,yes,yes,4,5
110,1,1,0,no,no,no,yes,yes,5,3
111,1,3,1,yes,yes,no,yes,yes,1,2
112,1,2,1,yes,no,no,yes,yes,1,2
113,1,1,0,no,no,no,no,yes,5,2
114,1,2,0,no,no,no,yes,yes,4,2
115,1,2,0,no,yes,no,yes,yes,4,4
116,2,2,0,no,yes,no,yes,no,4,3
117,2,1,0,no,no,no,yes,yes,4,2
118,3,2,1,no,yes,no,yes,yes,2,4
119,1,1,0,no,no,no,no,yes,4,3
120,1,2,0,no,no,no,no,yes,2,3
121,1,4,0,no,yes,yes,yes,yes,5,4
122,2,2,0,no,yes,yes,yes,yes,2,2
123,1,1,0,no,yes,no,yes,yes,4,4
124,1,2,0,no,no,yes,no,yes,4,4
125,1,1,0,yes,no,no,no,yes,5,5
126,1,2,0,yes,no,no,yes,yes,3,2
127,1,2,3,no,yes,no,no,no,4,2
128,1,1,2,no,yes,no,yes,yes,3,3
129,1,1,0,no,no,yes,yes,yes,5,5
130,2,3,2,no,yes,no,no,yes,2,2
131,3,1,0,no,yes,no,yes,yes,3,3
132,1,1,0,no,yes,no,no,yes,4,4
133,1,1,0,no,no,no,no,yes,2,1
134,4,2,0,no,yes,no,no,no,3,3
135,1,3,0,no,yes,no,yes,yes,3,3
136,3,2,0,no,no,no,no,no,4,5
137,2,1,2,no,yes,no,yes,yes,3,2
138,1,2,1,no,no,no,no,no,4,4
139,2,1,0,no,no,no,yes,yes,3,2
140,2,4,0,yes,yes,no,no,yes,2,2
141,2,1,2,no,yes,no,yes,yes,3,3
142,1,3,0,no,yes,yes,yes,yes,2,2
143,1,1,0,no,no,no,no,yes,4,4
144,1,1,3,no,yes,no,no,yes,4,5
145,1,2,0,no,yes,yes,no,yes,4,2
146,1,2,3,no,yes,no,no,yes,3,2
147,1,2,0,no,yes,yes,no,yes,3,2
148,1,1,0,no,yes,no,no,yes,3,2
149,4,1,3,no,no,no,no,yes,5,5
150,1,1,3,no,no,no,no,yes,3,5
151,1,1,1,no,no,no,yes,no,4,4
152,2,3,2,no,yes,yes,yes,yes,2,1
153,1,1,3,no,yes,no,no,yes,5,4
154,1,1,0,yes,yes,no,no,no,2,1
155,1,2,0,yes,no,yes,yes,no,4,4
156,1,1,0,no,no,no,no,no,2,2
157,3,1,3,no,yes,no,yes,no,2,5
158,3,1,0,no,no,no,no,no,2,2
159,1,2,1,no,yes,yes,no,yes,5,5
160,2,1,2,no,no,no,yes,yes,3,2
161,2,2,2,yes,yes,no,no,yes,4,4
162,2,1,1,no,no,no,yes,no,4,4
163,1,1,0,no,no,no,no,yes,3,3
164,4,2,3,no,no,no,yes,no,3,5
165,2,1,1,no,yes,no,yes,no,5,2
166,1,2,0,no,no,no,no,yes,3,5
167,1,2,0,no,no,yes,no,yes,2,3
168,1,2,0,no,yes,yes,no,yes,1,5
169,1,2,0,no,yes,yes,no,yes,4,2
170,3,1,2,no,yes,no,yes,yes,4,5
171,2,2,0,no,yes,yes,yes,yes,3,2
172,1,2,0,no,yes,yes,yes,yes,4,4
173,1,2,3,no,no,no,yes,yes,3,5
174,2,2,0,no,yes,yes,yes,yes,4,5
175,2,2,0,no,no,yes,yes,yes,4,4
176,2,2,0,no,no,yes,yes,yes,4,4
177,1,2,0,no,no,no,yes,yes,3,4
178,1,1,0,no,yes,no,yes,yes,3,3
179,1,2,0,no,yes,no,yes,yes,2,3
180,1,2,0,no,yes,yes,yes,yes,4,3
181,1,2,0,no,no,yes,yes,yes,2,3
182,1,2,0,no,yes,no,yes,no,4,2
183,1,2,0,no,yes,no,yes,yes,3,3
184,1,2,0,no,yes,yes,no,yes,2,2
185,1,2,0,no,yes,no,yes,yes,3,4
186,1,1,0,no,yes,yes,yes,yes,3,3
187,1,2,0,no,no,yes,yes,yes,2,3
188,1,2,0,no,yes,no,no,yes,3,3
189,1,2,0,no,no,no,no,no,1,3
190,1,2,0,no,no,no,no,yes,3,3
191,1,2,0,no,no,no,yes,yes,3,3
192,2,2,0,no,no,yes,yes,yes,4,4
193,1,1,0,no,yes,no,yes,yes,3,2
194,2,1,0,no,no,no,no,yes,3,3
195,1,2,0,no,no,no,yes,yes,3,2
196,1,1,0,no,no,no,no,yes,2,3
197,3,1,0,no,yes,yes,yes,yes,3,4
198,2,1,1,no,yes,no,no,yes,2,4
199,1,2,0,no,yes,yes,no,yes,5,2
200,1,2,0,no,yes,no,yes,yes,3,5
201,1,2,0,yes,yes,yes,yes,no,4,3
202,1,2,0,no,yes,yes,no,no,4,4
203,1,1,0,no,yes,no,no,yes,3,2
204,2,4,0,no,yes,yes,yes,yes,3,5
205,1,3,1,no,yes,yes,no,yes,4,3
206,1,2,3,no,yes,yes,no,yes,3,3
207,1,2,0,no,no,yes,yes,yes,3,2
208,2,1,0,no,yes,yes,no,no,3,2
209,2,3,0,no,yes,yes,yes,yes,4,2
210,1,4,0,no,yes,yes,yes,yes,3,3
211,1,2,0,no,yes,yes,no,yes,3,5
212,1,2,0,yes,yes,yes,no,yes,3,4
213,1,2,1,no,yes,yes,yes,yes,4,4
214,1,1,0,no,yes,yes,no,no,2,1
215,2,2,0,no,no,yes,no,yes,4,4
216,1,2,2,no,no,yes,no,yes,4,5
217,1,2,1,no,yes,yes,no,yes,2,4
218,2,1,0,no,yes,yes,no,no,3,3
219,1,3,0,no,yes,yes,yes,yes,3,3
220,2,2,0,no,yes,no,yes,yes,2,5
221,1,3,1,no,yes,no,yes,no,3,4
222,1,2,0,yes,no,no,no,yes,3,1
223,2,2,0,no,yes,yes,no,yes,3,3
224,1,3,0,no,yes,no,yes,yes,3,2
225,1,2,1,no,no,no,yes,yes,3,3
226,1,2,0,no,no,no,yes,yes,3,4
227,1,2,0,no,yes,yes,no,yes,3,3
228,4,2,0,yes,yes,yes,yes,yes,3,2
229,2,3,0,no,no,no,yes,yes,2,3
230,1,2,0,no,no,no,yes,yes,2,3
231,2,2,0,no,yes,yes,yes,yes,5,2
232,1,2,0,yes,yes,no,yes,yes,5,5
233,1,2,0,no,yes,yes,yes,yes,2,4
234,2,2,0,no,yes,yes,no,yes,4,2
235,2,3,0,no,no,no,yes,yes,3,3
236,1,2,0,no,no,yes,yes,yes,4,2
237,1,1,0,no,no,no,no,yes,5,2
238,3,2,0,no,no,no,yes,no,1,1
239,1,2,1,no,no,no,no,yes,5,4
240,2,2,0,no,no,no,yes,yes,5,5
241,2,2,0,no,yes,yes,no,yes,3,3
242,1,1,0,no,no,no,yes,yes,4,5
243,1,1,0,no,no,no,yes,yes,3,2
244,2,3,0,no,yes,yes,no,yes,4,4
245,3,1,0,no,no,no,no,yes,3,3
246,2,1,0,no,no,no,no,yes,2,2
247,1,1,3,no,no,no,no,yes,4,5
248,1,2,1,no,yes,no,no,yes,3,3
249,1,1,0,no,no,yes,no,yes,3,2
250,2,1,1,no,no,no,no,yes,4,5
251,3,2,0,yes,yes,no,no,yes,3,3
252,1,1,1,no,no,no,no,yes,2,5
253,2,1,0,no,no,no,yes,no,3,2
254,1,1,0,no,no,no,no,yes,4,2
255,2,1,1,no,yes,no,yes,yes,4,4
256,1,4,0,no,yes,yes,yes,yes,2,3
257,1,2,0,no,yes,no,no,yes,3,1
258,1,2,0,no,no,no,yes,yes,2,4
259,1,4,0,no,no,yes,yes,yes,4,1
260,1,2,0,no,yes,yes,no,yes,1,2
261,1,2,0,no,yes,yes,no,yes,3,2
262,1,3,0,no,no,no,yes,no,3,2
263,1,3,0,no,no,no,yes,no,2,3
264,1,3,0,no,yes,yes,yes,yes,3,3
265,2,2,0,no,yes,yes,yes,yes,2,5
266,1,2,0,no,no,yes,yes,yes,4,4
267,2,2,0,no,no,yes,yes,yes,3,4
268,1,2,0,no,yes,yes,yes,yes,4,5
269,2,2,0,no,yes,no,no,yes,3,5
270,1,2,2,no,yes,yes,yes,yes,3,5
271,1,4,0,no,yes,yes,yes,yes,5,5
272,2,2,0,no,yes,yes,no,no,4,3
273,1,2,0,no,yes,yes,yes,no,5,2
274,2,2,0,no,yes,yes,no,yes,3,3
275,2,2,0,yes,yes,yes,no,yes,4,4
276,2,2,0,no,no,no,no,yes,1,1
277,2,1,0,no,no,yes,yes,yes,2,4
278,1,2,1,yes,yes,no,yes,yes,4,4
279,2,1,0,no,no,yes,yes,yes,2,3
280,2,1,0,no,no,yes,yes,yes,5,4
281,1,1,1,no,no,no,no,yes,4,4
282,2,4,0,no,yes,yes,yes,no,2,2
283,2,2,0,yes,no,no,yes,yes,4,4
284,1,2,0,no,yes,no,no,yes,4,5
285,1,2,0,no,no,yes,no,yes,3,3
286,1,3,0,no,yes,yes,no,yes,3,3
287,1,3,0,no,yes,yes,no,yes,3,3
288,1,3,0,no,no,yes,yes,yes,2,4
289,1,2,0,no,yes,yes,yes,yes,4,3
290,1,2,0,no,yes,yes,yes,yes,3,2
291,1,3,0,no,yes,yes,no,yes,2,2
292,1,2,1,no,no,no,no,yes,4,3
293,2,4,0,no,yes,yes,no,no,1,2
294,2,3,0,no,yes,yes,yes,yes,4,2
295,1,1,0,no,yes,yes,no,yes,4,3
296,2,2,0,no,yes,yes,yes,yes,3,4
297,2,2,0,no,yes,yes,no,yes,4,5
298,1,4,0,no,yes,yes,no,yes,3,3
299,1,1,0,no,yes,yes,no,yes,4,2
300,1,2,0,no,yes,no,no,yes,2,4
301,2,1,0,no,no,yes,no,yes,1,1
302,2,3,0,no,yes,yes,no,yes,3,3
303,1,4,0,no,yes,yes,yes,yes,2,2
304,1,2,1,no,yes,no,yes,yes,4,4
305,1,2,1,no,yes,yes,yes,yes,4,3
306,1,1,0,no,no,no,yes,no,5,3
307,2,1,1,no,yes,yes,no,yes,3,4
308,1,2,1,no,no,no,yes,no,5,3
309,1,2,1,yes,yes,no,yes,yes,4,3
310,1,2,1,no,no,no,yes,no,2,4
311,3,2,0,no,yes,no,no,yes,4,1
312,1,2,1,no,no,no,no,yes,5,2
313,2,2,1,no,yes,yes,no,yes,2,2
314,1,3,2,no,no,no,no,yes,1,2
315,1,3,1,no,no,no,no,yes,1,2
316,2,2,0,no,yes,yes,yes,yes,3,3
317,1,3,0,no,yes,yes,yes,yes,3,4
318,1,3,0,no,yes,yes,yes,yes,3,4
319,1,2,0,no,yes,yes,no,yes,4,4
320,1,2,0,no,yes,yes,no,yes,2,2
321,1,2,0,no,yes,no,no,no,2,2
322,1,3,0,no,yes,yes,yes,yes,3,2
323,1,3,0,no,yes,no,no,yes,4,3
324,2,3,0,no,no,no,no,yes,3,3
325,1,3,0,no,no,no,yes,yes,3,3
326,1,1,0,no,no,no,yes,yes,3,5
327,4,1,0,no,yes,no,no,yes,4,5
328,1,3,0,no,yes,yes,yes,yes,4,4
329,2,3,0,no,yes,yes,no,yes,3,3
330,1,4,0,no,yes,no,yes,yes,5,5
331,1,3,0,no,yes,no,no,yes,4,3
332,1,2,0,no,no,no,yes,yes,3,4
333,1,2,0,no,no,no,yes,yes,3,3
334,2,4,0,no,no,no,yes,no,4,4
335,1,3,0,no,no,no,no,yes,4,5
336,1,3,1,no,no,yes,no,no,4,3
337,1,2,0,no,yes,yes,no,yes,3,2
338,1,4,0,no,yes,no,no,yes,3,3
339,1,2,0,no,yes,yes,no,yes,3,3
340,1,3,1,no,no,yes,yes,yes,3,4
341,1,2,1,no,yes,no,yes,yes,3,3
342,1,2,0,no,no,no,yes,yes,3,3
343,1,2,1,no,yes,no,no,yes,3,1
344,1,3,0,no,yes,no,no,yes,3,3
345,1,3,0,no,no,no,no,yes,4,3
346,1,3,0,no,no,no,no,yes,3,2
347,1,3,0,no,yes,yes,no,yes,4,5
348,1,3,0,no,yes,yes,yes,yes,4,3
349,2,1,1,no,yes,no,no,yes,5,5
350,3,2,3,no,no,no,no,yes,4,4
351,2,2,0,no,yes,yes,no,yes,5,4
352,1,1,1,no,no,no,no,yes,3,3
353,3,1,1,no,yes,no,no,yes,4,4
354,2,2,0,no,yes,yes,yes,yes,5,5
355,1,2,0,no,yes,no,no,no,3,4
356,2,2,0,no,yes,yes,yes,yes,3,3
357,2,2,0,no,no,no,no,no,2,3
358,2,1,0,no,no,no,no,yes,3,2
359,2,3,0,no,no,no,no,yes,3,2
360,3,2,0,no,no,no,no,no,3,4
361,2,2,1,no,no,no,yes,no,4,3
362,2,2,0,no,yes,no,no,yes,3,2
363,1,2,0,no,yes,yes,yes,yes,3,4
364,2,2,0,no,no,no,no,no,2,2
365,2,2,0,no,yes,yes,no,no,3,4
366,2,3,0,no,no,yes,no,yes,2,2
367,3,1,1,no,yes,yes,no,yes,2,1
368,2,1,0,no,yes,yes,no,yes,2,3
369,3,2,0,no,yes,yes,no,yes,2,2
370,2,2,2,no,no,no,yes,no,2,2
371,3,1,0,no,yes,yes,yes,yes,3,3
372,1,3,0,no,no,no,yes,no,4,3
373,1,1,0,no,no,no,yes,yes,5,5
374,2,3,0,no,no,no,no,yes,4,4
375,4,3,0,no,no,no,no,yes,3,2
376,2,3,2,no,yes,yes,no,yes,4,3
377,1,2,0,no,no,yes,yes,yes,4,3
378,1,2,0,no,no,yes,no,yes,1,3
379,1,2,0,no,yes,yes,yes,yes,5,4
380,1,2,0,no,no,yes,yes,yes,2,4
381,2,1,0,no,no,no,yes,yes,4,3
382,2,2,0,no,no,no,yes,yes,4,3
383,2,1,1,no,no,no,no,no,3,2
384,2,1,1,no,no,yes,no,no,4,3
385,2,3,0,no,no,yes,no,no,3,3
386,3,1,0,no,yes,yes,yes,yes,4,3
387,1,3,1,no,no,no,yes,yes,4,2
388,1,2,0,no,yes,yes,no,yes,3,4
389,2,2,1,no,no,no,yes,no,1,1
390,1,2,2,no,yes,yes,no,no,5,4
391,2,1,0,no,no,no,no,yes,4,5
392,1,1,3,no,no,no,no,no,5,3
393,3,1,0,no,no,no,no,yes,4,1
394,1,1,0,no,no,no,no,yes,2,3
0,2,2,0,yes,no,no,no,no,3,4
1,1,2,0,no,yes,no,no,yes,3,3
2,1,2,0,yes,no,no,no,yes,3,2
3,1,3,0,no,yes,no,yes,yes,2,2
4,1,2,0,no,yes,no,no,no,3,2
5,1,2,0,no,yes,no,yes,yes,4,2
6,1,2,0,no,no,no,no,yes,4,4
7,2,2,0,yes,yes,no,no,no,1,4
8,1,2,0,no,yes,no,no,yes,2,2
9,1,2,0,no,yes,no,yes,yes,5,1
10,1,2,0,no,yes,no,no,yes,3,3
11,3,3,0,no,yes,no,yes,yes,2,2
12,1,1,0,no,yes,no,yes,yes,3,3
13,2,2,0,no,yes,no,no,yes,4,3
14,1,3,0,no,yes,no,no,yes,5,2
15,1,1,0,no,yes,no,no,yes,4,4
16,1,3,0,no,yes,no,yes,yes,2,3
17,3,2,0,yes,yes,no,yes,no,3,2
18,1,1,3,no,yes,yes,yes,yes,5,5
19,1,1,0,no,no,no,yes,yes,1,3
20,1,2,0,no,no,no,no,yes,4,1
21,1,1,0,no,yes,yes,no,yes,4,2
22,1,2,0,no,no,no,yes,yes,5,1
23,2,2,0,no,yes,no,yes,yes,4,4
24,1,3,0,yes,yes,no,yes,yes,3,2
25,1,1,0,no,yes,no,no,yes,2,2
26,1,1,0,no,yes,no,no,yes,2,2
27,1,1,0,no,no,no,no,yes,2,4
28,1,2,0,yes,yes,yes,yes,yes,3,3
29,1,2,0,no,yes,yes,yes,yes,4,5
30,1,2,0,no,yes,yes,no,yes,4,2
31,2,2,0,no,yes,no,yes,yes,3,1
32,1,2,0,no,yes,no,yes,yes,5,2
33,1,2,0,no,no,no,yes,yes,3,2
34,1,1,0,no,yes,no,no,yes,4,3
35,2,1,0,no,yes,no,yes,no,5,1
36,1,3,0,no,yes,no,yes,yes,4,3
37,2,3,0,no,yes,no,yes,yes,4,3
38,1,3,0,yes,yes,no,yes,yes,3,2
39,1,1,0,yes,yes,no,yes,no,3,1
40,2,2,0,no,yes,no,yes,yes,3,3
41,1,1,0,no,yes,no,no,yes,4,3
42,1,2,0,no,yes,no,yes,yes,3,3
43,1,1,0,yes,yes,no,no,yes,4,1
44,2,2,1,yes,no,no,yes,yes,3,3
45,1,2,0,yes,yes,yes,yes,yes,2,2
46,1,2,0,no,yes,no,no,yes,3,5
47,1,4,0,no,no,no,yes,yes,2,2
48,1,2,0,no,yes,no,no,no,3,3
49,1,2,0,yes,yes,no,yes,yes,4,4
50,3,2,0,no,yes,no,no,yes,3,3
51,1,2,0,no,yes,no,no,yes,3,3
52,2,1,0,no,no,no,no,no,5,5
53,1,1,0,yes,yes,no,no,yes,3,4
54,1,1,0,no,no,no,no,yes,3,4
55,1,2,0,no,no,no,yes,yes,3,4
56,1,2,0,no,yes,no,yes,yes,3,2
57,1,2,0,no,yes,no,yes,no,2,2
58,1,2,0,yes,yes,no,yes,yes,3,2
59,1,2,0,no,yes,yes,no,yes,2,3
60,1,2,0,no,yes,no,yes,no,4,4
61,4,1,0,yes,yes,no,yes,yes,5,5
62,1,2,0,yes,no,no,yes,yes,4,3
63,1,3,0,yes,yes,no,yes,yes,4,4
64,1,2,0,yes,no,no,yes,yes,4,4
65,3,2,0,no,yes,no,yes,yes,4,3
66,1,4,0,no,yes,no,yes,yes,3,3
67,1,4,0,yes,yes,no,no,yes,3,3
68,2,2,0,yes,yes,no,no,yes,1,3
69,2,4,0,no,yes,no,no,yes,4,2
70,2,4,0,no,yes,no,no,yes,3,2
71,1,4,0,no,no,no,no,yes,3,3
72,1,2,0,yes,yes,no,no,yes,3,4
73,1,1,0,no,no,no,yes,no,3,2
74,1,2,0,yes,yes,no,yes,yes,3,3
75,1,2,0,no,yes,no,yes,yes,3,3
76,2,4,0,no,no,no,yes,yes,4,3
77,1,4,0,no,no,no,no,yes,2,3
78,2,1,3,yes,yes,no,yes,yes,5,1
79,1,2,0,no,yes,no,no,yes,4,3
80,1,1,0,yes,yes,no,yes,yes,2,2
81,1,3,0,yes,no,no,no,yes,3,2
82,1,2,0,no,yes,no,no,yes,4,4
83,2,2,0,no,no,yes,yes,yes,3,3
84,1,2,0,no,yes,no,yes,yes,3,2
85,2,2,0,no,no,no,no,yes,4,4
86,1,2,0,no,yes,no,no,no,3,4
87,1,3,0,no,yes,no,yes,yes,3,3
88,2,2,0,no,no,no,yes,yes,4,2
89,1,2,0,no,yes,no,no,no,1,3
90,1,3,0,no,yes,no,no,yes,3,3
91,1,1,0,no,no,no,yes,yes,5,5
92,1,2,0,yes,yes,no,no,no,3,3
93,2,2,0,no,yes,no,yes,yes,3,3
94,1,4,0,no,yes,no,yes,yes,3,4
95,2,4,0,yes,yes,yes,yes,yes,1,2
96,2,1,0,yes,yes,yes,yes,yes,3,3
97,1,2,0,no,yes,no,no,no,3,5
98,1,1,0,no,no,no,yes,yes,3,4
99,1,3,0,yes,yes,no,no,yes,3,5
100,1,1,0,yes,yes,no,yes,yes,5,5
101,1,3,0,no,yes,no,yes,yes,4,3
102,1,1,0,no,yes,yes,yes,yes,3,3
103,2,2,0,yes,yes,no,no,yes,3,5
104,1,2,0,no,yes,no,yes,yes,4,4
105,1,4,0,yes,no,no,no,no,3,3
106,1,4,0,yes,yes,no,no,yes,1,2
107,1,3,0,no,yes,no,yes,yes,3,3
108,4,4,0,no,yes,no,yes,yes,3,5
109,1,3,0,no,yes,no,yes,yes,4,5
110,1,1,0,no,no,no,yes,yes,5,3
111,1,3,0,yes,yes,no,yes,yes,1,2
112,1,2,1,yes,no,no,yes,yes,1,2
113,1,1,0,no,no,no,no,yes,5,2
114,1,2,0,no,no,no,yes,yes,4,2
115,1,2,0,no,yes,no,yes,yes,4,4
116,2,2,0,no,yes,no,yes,no,4,3
117,2,1,0,no,no,no,yes,yes,4,2
118,3,2,1,no,yes,no,yes,yes,2,4
119,1,1,0,no,no,no,no,yes,4,3
120,1,2,0,no,no,no,no,yes,2,3
121,1,4,0,no,yes,no,yes,yes,5,4
122,2,2,0,no,yes,no,yes,yes,2,2
123,1,1,0,no,yes,no,yes,yes,4,4
124,1,2,0,no,no,no,no,yes,4,4
125,1,1,0,yes,no,no,no,yes,5,5
126,1,2,0,yes,no,no,yes,yes,3,2
127,1,2,2,no,yes,no,no,no,4,2
128,1,1,0,no,no,no,yes,yes,5,5
129,2,3,0,no,yes,no,no,yes,2,3
130,2,3,0,no,yes,no,no,yes,2,2
131,1,2,3,no,yes,no,yes,yes,4,5
132,3,1,0,no,yes,no,no,yes,2,2
133,3,1,0,no,yes,no,yes,yes,3,3
134,1,1,0,no,yes,no,no,yes,4,4
135,1,1,0,no,no,no,no,yes,2,1
136,4,1,0,no,no,no,no,no,2,1
137,1,1,1,no,no,no,no,no,3,4
138,4,2,0,no,yes,no,no,no,3,3
139,1,3,0,no,yes,no,yes,yes,3,3
140,3,2,0,no,no,no,no,no,4,5
141,4,2,0,no,yes,no,no,no,1,3
142,2,1,0,no,no,no,yes,yes,3,4
143,1,3,0,no,yes,no,yes,yes,3,3
144,2,1,0,no,yes,no,yes,no,3,3
145,2,1,0,no,yes,no,yes,yes,3,2
146,1,2,2,no,no,no,no,no,4,4
147,2,1,0,no,no,no,yes,yes,3,2
148,3,1,1,no,no,no,yes,yes,5,5
149,2,4,0,yes,yes,no,no,yes,2,2
150,1,2,0,no,no,no,no,no,3,2
151,1,3,0,no,yes,no,yes,yes,3,3
152,2,1,0,no,yes,no,yes,yes,3,3
153,1,3,0,no,yes,no,yes,yes,2,2
154,1,1,0,no,no,no,no,yes,4,4
155,1,1,0,no,yes,no,no,yes,4,5
156,1,2,0,no,yes,no,no,yes,4,2
157,2,1,0,no,yes,no,yes,yes,4,2
158,1,2,1,no,yes,no,no,yes,3,2
159,1,2,0,no,yes,no,no,yes,3,2
160,1,2,0,no,no,no,no,no,3,4
161,1,1,0,no,yes,no,no,yes,3,2
162,4,1,0,no,no,no,no,yes,5,5
163,1,1,2,no,no,no,no,yes,3,5
164,1,1,1,no,no,no,yes,no,4,4
165,2,3,0,no,yes,yes,yes,yes,2,1
166,1,1,0,no,yes,no,no,yes,5,4
167,1,1,0,yes,yes,no,no,no,2,1
168,1,2,0,yes,no,yes,yes,no,4,4
169,1,1,3,no,no,no,no,no,2,2
170,3,1,3,no,yes,no,yes,no,2,5
171,3,1,0,no,no,no,no,no,2,2
172,1,2,1,no,yes,no,no,yes,5,5
173,2,1,2,no,no,no,no,yes,4,5
174,2,1,1,no,no,yes,yes,yes,3,2
175,2,2,2,yes,yes,no,no,yes,4,4
176,2,1,0,no,no,no,yes,no,4,4
177,1,1,1,no,no,no,no,yes,3,3
178,4,2,0,no,no,no,yes,no,3,5
179,2,1,3,no,yes,no,yes,no,5,2
180,1,2,0,no,no,no,no,yes,3,5
181,1,2,0,no,no,no,no,yes,2,3
182,1,2,0,no,yes,no,no,yes,1,5
183,1,2,0,no,yes,no,no,yes,4,2
184,3,1,1,no,yes,no,yes,yes,4,5
185,2,2,0,no,yes,no,yes,yes,3,2
186,1,2,0,no,yes,no,yes,yes,4,4
187,1,2,0,no,no,no,yes,yes,3,5
188,2,2,0,no,yes,no,yes,yes,4,5
189,2,2,0,no,no,no,yes,yes,4,4
190,2,2,0,no,no,no,yes,yes,4,4
191,1,2,0,no,no,no,yes,yes,3,4
192,1,1,0,no,yes,no,yes,yes,3,3
193,1,2,0,no,yes,yes,yes,yes,2,3
194,1,2,0,no,yes,yes,yes,yes,4,3
195,1,2,0,no,no,no,yes,yes,2,3
196,1,2,0,no,yes,no,yes,no,4,2
197,1,2,0,no,yes,no,yes,yes,3,3
198,1,2,0,no,yes,no,no,yes,2,2
199,1,2,0,no,yes,no,yes,yes,3,4
200,1,1,0,no,yes,no,yes,yes,3,3
201,1,2,0,no,no,no,yes,yes,2,3
202,1,2,0,no,yes,no,no,yes,3,3
203,1,2,0,no,no,no,no,no,1,3
204,1,2,0,no,no,no,no,yes,3,3
205,1,2,0,no,no,no,yes,yes,3,3
206,2,2,0,no,no,no,yes,yes,4,4
207,1,1,0,no,yes,no,yes,yes,3,2
208,2,1,0,no,no,no,no,yes,3,3
209,1,2,0,no,no,no,yes,yes,3,2
210,1,1,0,no,no,no,no,yes,2,3
211,3,1,0,no,yes,no,yes,yes,3,4
212,2,1,1,no,yes,no,no,yes,2,4
213,1,2,0,no,yes,no,no,yes,5,2
214,1,2,0,no,yes,no,yes,yes,3,5
215,1,2,0,yes,yes,no,yes,no,4,3
216,1,2,0,no,yes,no,no,no,4,4
217,1,1,0,no,yes,no,no,yes,3,2
218,2,4,0,no,yes,no,yes,yes,3,5
219,1,3,1,no,yes,yes,no,yes,4,3
220,1,2,0,no,yes,no,no,yes,3,3
221,1,2,0,no,no,no,yes,yes,3,2
222,2,1,0,no,yes,no,no,no,3,2
223,2,3,0,no,yes,no,yes,yes,4,2
224,1,4,0,no,yes,no,yes,yes,3,3
225,1,2,0,no,yes,no,no,yes,3,5
226,1,2,0,yes,yes,no,no,yes,3,4
227,1,2,0,no,yes,no,yes,yes,4,4
228,1,1,0,no,yes,no,no,no,2,1
229,2,2,0,no,no,no,no,yes,4,4
230,1,2,0,no,no,no,no,yes,4,5
231,1,2,0,no,yes,no,no,yes,2,4
232,2,1,0,no,yes,no,no,no,3,3
233,1,3,0,no,yes,no,yes,yes,3,3
234,2,2,0,no,yes,no,yes,yes,2,5
235,1,3,0,no,yes,no,yes,no,3,4
236,1,2,0,yes,no,no,no,yes,3,1
237,2,2,3,no,yes,yes,no,yes,3,3
238,1,3,0,no,yes,no,yes,yes,3,2
239,1,2,0,no,no,no,yes,yes,3,3
240,1,2,0,no,no,no,yes,yes,3,4
241,1,2,0,no,yes,no,no,yes,3,3
242,4,2,0,yes,yes,no,yes,yes,3,2
243,2,3,0,no,no,no,yes,yes,2,3
244,1,2,0,no,no,no,yes,yes,2,3
245,2,2,0,no,yes,no,yes,yes,5,2
246,1,2,0,yes,yes,no,yes,yes,5,5
247,1,2,0,no,yes,no,yes,yes,2,4
248,2,2,0,no,yes,no,no,yes,4,2
249,2,3,0,no,no,no,yes,yes,3,3
250,1,2,0,no,no,no,yes,yes,4,2
251,1,1,0,no,no,no,no,yes,5,2
252,1,2,0,no,no,no,yes,yes,3,3
253,2,2,1,no,yes,no,no,yes,3,3
254,1,2,1,no,yes,no,no,yes,3,1
255,2,1,1,no,no,no,no,yes,1,1
256,1,1,1,no,yes,no,yes,yes,4,3
257,1,1,0,no,yes,no,yes,yes,2,1
258,1,2,0,no,no,no,yes,no,4,2
259,1,3,0,no,yes,no,yes,yes,3,2
260,1,1,0,no,no,no,no,yes,3,5
261,3,2,0,no,no,no,yes,no,1,1
262,4,1,1,no,yes,no,no,yes,5,4
263,1,2,0,no,no,no,no,yes,5,4
264,1,1,1,no,yes,no,no,yes,1,2
265,2,3,0,no,no,no,yes,yes,3,3
266,1,2,0,no,yes,no,yes,no,3,2
267,2,2,0,no,no,no,yes,yes,5,5
268,2,2,0,no,yes,no,no,yes,3,3
269,1,1,0,no,no,no,yes,yes,4,5
270,1,1,0,no,no,yes,yes,yes,3,2
271,1,2,0,no,yes,yes,no,yes,3,1
272,2,3,0,no,no,no,no,yes,3,3
273,2,3,0,no,yes,no,no,yes,2,2
274,1,2,0,yes,no,no,no,no,3,2
275,2,3,0,no,yes,no,no,yes,4,4
276,3,1,0,no,no,no,no,yes,3,3
277,1,2,0,no,yes,no,no,no,3,4
278,2,1,0,no,no,no,no,yes,2,2
279,1,1,3,no,no,no,no,yes,4,5
280,1,2,0,no,yes,no,no,yes,3,3
281,1,1,0,no,no,no,no,yes,3,2
282,2,1,0,no,no,no,no,yes,4,5
283,3,2,1,yes,yes,no,no,yes,3,3
284,1,1,2,no,no,no,no,yes,2,5
285,2,1,0,no,no,no,yes,no,3,2
286,1,1,0,no,no,no,no,yes,4,2
287,2,1,1,no,yes,no,yes,yes,4,4
288,1,2,0,no,yes,no,no,yes,3,4
289,1,4,0,no,yes,no,yes,yes,2,3
290,1,2,0,no,yes,no,no,yes,3,3
291,3,2,1,no,no,no,yes,yes,4,5
292,1,3,0,no,yes,no,yes,yes,3,4
293,1,3,0,no,yes,no,no,no,4,3
294,1,2,0,yes,no,no,no,no,2,3
295,1,2,0,no,yes,no,no,yes,3,1
296,1,2,0,no,no,no,yes,yes,2,4
297,2,1,0,no,no,no,no,no,2,2
298,1,4,0,no,no,no,yes,yes,4,1
299,2,2,0,no,yes,yes,yes,yes,2,3
300,1,2,0,no,yes,no,no,yes,1,2
301,1,2,0,no,yes,no,no,yes,3,2
302,1,3,0,no,no,no,yes,no,3,2
303,1,3,0,no,no,no,yes,no,2,3
304,1,3,0,no,yes,no,yes,yes,3,3
305,2,1,0,no,no,no,no,yes,4,4
306,2,2,0,no,yes,no,yes,yes,2,5
307,1,2,0,no,no,no,yes,yes,4,4
308,2,2,0,no,no,no,yes,yes,3,4
309,1,2,0,no,yes,no,yes,yes,4,5
310,2,2,0,no,yes,no,no,yes,3,5
311,1,2,0,no,yes,no,yes,yes,3,5
312,1,4,0,no,yes,no,yes,yes,5,5
313,2,2,0,no,yes,no,no,no,4,3
314,1,2,0,no,yes,no,yes,no,5,2
315,1,2,0,no,yes,no,no,yes,2,5
316,2,2,0,no,yes,no,no,yes,3,3
317,2,2,0,yes,yes,no,no,yes,4,4
318,2,2,0,no,no,no,no,yes,1,1
319,2,1,0,no,no,no,yes,yes,2,4
320,1,2,1,yes,yes,no,yes,yes,4,4
321,3,3,0,no,yes,no,no,yes,2,3
322,1,2,1,yes,yes,no,no,yes,3,3
323,2,1,0,no,no,no,yes,yes,2,3
324,2,1,0,no,no,no,no,yes,4,4
325,2,1,0,no,no,no,yes,yes,5,4
326,1,1,0,no,no,no,no,yes,4,4
327,2,4,0,no,yes,no,yes,no,2,2
328,2,2,0,yes,no,no,yes,yes,4,4
329,1,2,0,no,yes,no,no,yes,4,5
330,2,2,0,no,no,no,yes,yes,3,1
331,1,2,0,no,no,no,no,yes,3,3
332,1,3,0,no,yes,no,no,yes,3,3
333,1,3,0,no,yes,no,no,yes,3,3
334,1,3,0,no,no,no,yes,yes,2,4
335,1,2,0,no,yes,no,yes,yes,4,3
336,1,2,0,no,yes,no,yes,yes,3,2
337,1,3,0,no,yes,no,no,yes,2,2
338,2,4,0,no,yes,no,no,no,1,2
339,2,3,0,no,yes,no,yes,yes,4,2
340,1,1,0,no,yes,no,no,yes,4,3
341,2,2,0,no,yes,no,yes,yes,3,4
342,2,2,0,no,yes,no,no,yes,4,5
343,1,4,0,no,yes,no,no,yes,3,3
344,1,1,0,no,yes,no,no,yes,4,2
345,1,2,0,no,yes,yes,no,yes,2,4
346,2,1,0,no,no,no,no,yes,1,1
347,2,3,0,no,yes,no,yes,yes,3,4
348,2,3,0,no,yes,no,no,yes,3,3
349,1,4,0,no,yes,no,yes,yes,2,2
350,2,3,1,no,no,no,yes,yes,3,1
351,1,1,2,no,no,no,yes,no,5,3
352,1,2,0,no,no,no,yes,no,5,3
353,1,2,0,yes,yes,no,no,no,4,4
354,2,2,0,no,yes,no,yes,yes,3,3
355,2,2,0,no,no,no,yes,yes,2,1
356,1,1,0,no,no,no,yes,yes,4,4
357,1,3,0,no,yes,no,yes,yes,3,4
358,2,1,0,no,yes,no,no,yes,2,4
359,1,3,0,no,yes,no,yes,yes,3,4
360,1,2,0,no,yes,no,no,yes,1,4
361,2,2,0,no,yes,no,yes,yes,4,4
362,1,2,0,no,yes,no,no,yes,4,4
363,1,1,0,no,yes,no,yes,yes,4,4
364,1,1,0,no,no,no,yes,yes,3,4
365,1,2,0,no,yes,no,no,yes,2,2
366,1,2,0,yes,yes,no,no,yes,3,3
367,1,2,0,no,no,no,yes,yes,2,3
368,1,1,0,no,yes,no,no,yes,2,5
369,3,3,0,no,no,no,yes,no,5,5
370,3,2,2,no,yes,no,no,yes,3,4
371,1,1,0,no,yes,no,yes,yes,3,5
372,1,2,0,no,yes,no,no,no,2,2
373,1,3,0,no,yes,no,yes,yes,3,2
374,1,3,0,no,yes,no,no,yes,4,3
375,2,3,0,no,no,no,no,yes,3,3
376,2,3,0,no,no,no,yes,yes,5,5
377,1,3,0,no,no,no,yes,yes,3,3
378,1,1,0,no,no,no,yes,yes,3,5
379,4,1,0,no,yes,no,no,yes,4,5
380,1,3,0,no,yes,no,yes,yes,4,4
381,2,3,0,no,yes,no,no,yes,3,3
382,1,1,0,no,yes,yes,yes,yes,2,5
383,1,4,0,no,yes,yes,yes,yes,5,5
384,1,1,0,no,yes,no,no,no,3,4
385,4,2,0,no,no,no,yes,no,2,5
386,1,3,0,no,yes,no,no,yes,4,3
387,1,1,0,no,no,no,no,yes,4,2
388,1,2,0,no,no,no,yes,yes,3,4
389,1,2,0,no,no,no,yes,yes,3,3
390,2,4,0,no,no,no,yes,no,4,4
391,1,3,0,no,no,no,no,yes,4,5
392,1,2,0,no,yes,no,no,yes,3,2
393,1,4,0,no,yes,no,no,yes,3,3
394,1,2,0,no,yes,no,no,yes,3,3
395,1,2,0,no,yes,no,yes,yes,3,3
396,1,2,0,no,no,no,yes,yes,3,3
397,1,2,0,no,yes,no,no,yes,3,1
398,1,3,0,no,yes,no,no,yes,3,3
399,1,3,0,no,no,no,no,yes,4,3
400,1,3,0,no,no,no,no,yes,3,2
401,1,3,0,no,yes,no,no,yes,4,5
402,1,3,0,no,yes,no,yes,yes,4,3
403,2,2,0,no,yes,no,yes,yes,3,4
404,1,2,0,no,yes,no,yes,yes,3,5
405,2,1,1,no,no,no,no,yes,2,3
406,1,1,1,no,yes,yes,no,yes,1,2
407,1,3,2,no,no,yes,yes,yes,3,2
408,1,2,0,no,yes,no,yes,yes,4,4
409,1,2,0,no,no,no,yes,yes,3,5
410,1,2,0,no,yes,no,yes,yes,3,4
411,1,3,0,no,yes,no,no,yes,4,2
412,1,2,0,no,yes,no,yes,yes,2,2
413,2,2,2,no,yes,no,yes,yes,3,3
414,2,3,0,no,no,no,no,yes,2,2
415,1,1,1,no,yes,no,no,yes,2,5
416,1,2,0,no,yes,no,no,yes,4,4
417,1,3,0,no,yes,no,no,yes,3,4
418,1,1,0,no,no,no,no,yes,1,3
419,1,1,0,no,no,no,no,yes,3,4
420,2,2,0,no,yes,no,no,yes,1,4
421,2,1,1,yes,no,no,no,yes,3,1
422,1,2,0,no,yes,no,yes,yes,1,2
423,2,1,0,no,yes,no,no,yes,3,3
424,2,2,0,no,yes,no,yes,yes,4,4
425,1,1,1,no,yes,no,no,no,1,3
426,2,1,0,no,yes,no,no,yes,4,4
427,2,2,0,no,no,no,no,no,5,2
428,2,1,0,no,no,no,no,no,3,4
429,1,2,0,no,yes,no,no,no,3,2
430,1,3,0,yes,no,no,no,yes,4,3
431,1,2,1,no,no,no,no,no,5,4
432,1,1,1,no,yes,no,no,yes,4,4
433,2,1,0,no,no,no,no,yes,5,1
434,2,4,0,no,no,no,yes,no,2,1
435,2,2,0,no,yes,no,no,yes,4,3
436,2,1,1,no,yes,no,no,yes,4,3
437,2,1,0,no,yes,no,yes,no,2,3
438,2,1,0,no,yes,no,no,yes,5,5
439,2,1,0,no,no,no,no,yes,1,3
440,2,2,0,no,yes,no,yes,no,4,5
441,1,2,0,no,no,yes,no,yes,4,3
442,1,2,0,no,yes,no,yes,yes,3,4
443,1,2,0,no,yes,no,yes,yes,3,4
444,3,2,0,no,no,no,no,no,4,5
445,4,2,0,no,yes,no,yes,no,4,5
446,1,2,0,no,yes,no,yes,yes,3,3
447,3,1,0,no,no,no,yes,no,5,5
448,2,3,0,no,no,no,yes,yes,2,2
449,2,1,0,no,no,no,no,no,1,2
450,3,2,0,no,yes,no,no,yes,5,4
451,2,2,0,no,no,no,no,no,3,3
452,3,2,0,no,yes,no,no,yes,4,5
453,1,3,1,no,yes,no,no,no,3,2
454,1,3,1,no,yes,no,no,no,3,2
455,1,2,0,yes,yes,no,no,yes,4,2
456,1,2,0,no,yes,no,no,no,4,3
457,1,1,0,no,yes,no,yes,yes,5,5
458,4,4,0,no,yes,no,no,yes,3,2
459,4,3,0,yes,yes,no,no,no,4,3
460,2,2,0,no,yes,no,yes,yes,3,3
461,2,1,0,no,no,no,yes,yes,2,2
462,3,2,0,no,yes,no,no,no,2,1
463,1,3,0,yes,yes,no,no,no,4,3
464,2,1,0,no,no,no,yes,no,4,4
465,1,2,1,no,yes,no,yes,yes,4,4
466,2,1,0,no,yes,no,no,no,2,3
467,3,2,0,no,yes,no,yes,yes,3,4
468,3,1,0,no,no,no,no,no,3,3
469,1,2,0,no,yes,no,yes,no,3,1
470,1,2,0,no,yes,no,no,yes,5,4
471,2,2,1,no,yes,no,yes,no,4,4
472,3,1,0,no,yes,no,yes,no,3,2
473,2,1,0,no,yes,no,yes,yes,4,3
474,3,1,0,no,yes,no,yes,yes,2,4
475,2,3,0,no,yes,no,yes,no,3,2
476,1,1,0,no,yes,no,no,yes,4,3
477,2,1,0,no,yes,no,yes,yes,3,3
478,2,2,3,yes,yes,no,no,no,4,3
479,1,1,0,no,yes,no,yes,no,5,3
480,1,1,1,no,no,no,no,yes,4,4
481,3,1,0,no,yes,no,yes,no,5,3
482,2,1,0,no,yes,no,no,no,2,1
483,3,2,0,no,yes,no,no,yes,4,5
484,1,1,0,no,yes,no,no,no,3,4
485,2,2,0,no,yes,no,no,yes,3,5
486,1,1,1,no,yes,yes,yes,yes,4,3
487,2,3,2,no,yes,no,no,no,3,2
488,1,3,1,no,no,no,yes,no,3,1
489,2,1,1,no,no,no,yes,yes,4,3
490,2,1,1,no,no,no,no,yes,2,3
491,2,2,1,no,yes,no,no,yes,1,4
492,1,2,0,no,no,no,no,no,3,2
493,2,1,0,no,no,no,yes,no,4,4
494,1,2,0,no,no,no,yes,yes,4,5
495,1,1,0,no,no,no,yes,yes,5,4
496,1,1,0,no,yes,no,yes,yes,4,4
497,2,4,1,no,yes,yes,yes,no,4,5
498,1,2,0,no,yes,no,yes,yes,3,3
499,1,1,0,no,yes,yes,yes,no,2,5
500,1,1,1,no,yes,no,yes,yes,3,5
501,1,1,0,no,no,no,yes,yes,2,5
502,3,4,1,no,yes,no,no,no,3,5
503,1,4,0,yes,yes,no,yes,yes,2,1
504,1,3,0,no,no,no,no,yes,4,5
505,2,1,0,no,yes,no,yes,yes,4,5
506,2,2,1,no,no,no,yes,yes,3,4
507,1,3,0,no,yes,no,no,no,3,3
508,3,1,1,no,yes,no,no,yes,4,5
509,3,2,0,no,yes,no,no,no,3,2
510,2,2,0,no,yes,no,yes,no,3,2
511,2,2,0,no,no,no,no,yes,4,5
512,1,2,1,no,yes,no,no,yes,3,2
513,1,1,0,no,no,no,yes,yes,1,3
514,1,1,0,no,no,no,no,yes,1,3
515,2,2,0,yes,no,no,no,no,3,5
516,1,2,0,no,no,no,yes,yes,3,3
517,2,1,0,no,no,no,yes,yes,4,5
518,1,2,1,no,yes,no,no,yes,3,2
519,2,2,0,no,no,no,yes,yes,2,1
520,3,2,0,no,yes,no,no,yes,3,2
521,2,2,0,no,yes,no,yes,yes,3,3
522,1,2,0,no,yes,no,no,yes,3,4
523,1,4,0,no,yes,no,yes,yes,5,5
524,3,2,0,no,yes,no,no,no,2,1
525,1,3,0,no,yes,no,no,yes,4,3
526,1,1,0,no,no,no,no,yes,2,3
527,4,3,0,no,no,no,no,no,1,3
528,1,1,0,no,yes,yes,no,yes,1,3
529,2,1,0,no,yes,no,no,no,1,3
530,1,1,0,no,yes,no,yes,yes,1,4
531,3,2,0,no,no,no,no,yes,1,3
532,2,2,0,no,no,no,no,yes,2,2
533,1,2,0,no,no,no,no,yes,2,2
534,1,1,0,no,yes,no,no,yes,1,2
535,3,2,0,no,yes,no,yes,no,5,5
536,3,4,0,no,yes,no,yes,no,4,5
537,1,1,0,no,no,no,yes,yes,3,3
538,1,3,0,no,yes,no,no,no,3,3
539,2,2,0,no,yes,no,yes,yes,2,4
540,2,1,0,no,no,no,no,no,3,3
541,2,2,0,yes,no,yes,no,no,1,3
542,2,3,0,no,yes,no,no,yes,3,5
543,3,1,3,no,no,no,yes,yes,3,3
544,2,1,0,no,no,no,yes,no,1,2
545,1,2,1,no,yes,no,yes,yes,4,4
546,1,2,0,no,yes,no,no,yes,2,5
547,1,1,0,no,no,no,no,yes,1,2
548,1,2,0,no,no,no,yes,yes,5,5
549,2,2,0,yes,yes,no,no,yes,3,3
550,2,2,0,no,yes,no,no,yes,1,2
551,2,2,0,no,yes,yes,no,yes,1,2
552,1,2,2,no,yes,no,yes,yes,4,3
553,1,1,0,no,no,no,no,no,1,2
554,2,1,0,no,yes,no,yes,yes,5,5
555,1,3,0,yes,yes,no,no,yes,3,4
556,1,1,0,no,no,no,no,no,4,4
557,2,2,3,no,yes,no,yes,yes,4,4
558,2,1,0,no,no,no,yes,no,5,5
559,3,1,1,yes,yes,no,no,no,3,2
560,2,1,0,no,yes,no,yes,yes,5,5
561,2,2,0,no,yes,no,yes,no,3,3
562,1,2,0,no,no,no,yes,no,4,3
563,1,1,1,no,no,no,yes,no,2,1
564,2,1,0,no,no,no,no,yes,5,5
565,2,1,0,no,no,no,yes,yes,5,5
566,2,1,1,no,yes,no,no,yes,3,3
567,1,1,1,no,no,no,no,yes,3,1
568,2,1,3,no,no,no,yes,no,2,1
569,1,2,2,no,yes,no,yes,yes,4,5
570,2,1,0,no,yes,no,yes,yes,4,3
571,2,1,3,no,no,no,yes,yes,4,3
572,2,2,2,no,yes,no,yes,no,5,5
573,1,1,0,no,yes,no,yes,no,3,2
574,2,1,1,no,yes,no,no,yes,4,3
575,1,1,0,no,yes,no,no,yes,4,4
576,2,1,0,no,yes,no,no,yes,5,5
577,3,2,1,no,no,no,no,yes,4,4
578,2,2,1,no,yes,no,no,yes,5,4
579,1,1,0,no,no,no,no,yes,3,3
580,3,1,1,no,yes,no,no,yes,4,4
581,2,2,2,no,yes,no,no,no,3,3
582,1,1,0,no,yes,no,no,no,4,4
583,2,1,1,no,no,no,no,yes,5,5
584,2,1,0,no,yes,no,no,yes,4,3
585,2,3,0,no,yes,yes,no,no,2,3
586,1,2,0,yes,yes,no,yes,yes,5,5
587,1,2,1,no,yes,no,yes,yes,3,3
588,1,1,0,no,yes,no,no,no,2,2
589,1,1,0,no,no,no,no,yes,5,1
590,3,2,2,no,no,no,yes,no,4,4
591,2,2,0,no,no,no,yes,yes,3,5
592,2,1,0,no,yes,no,no,yes,4,3
593,2,2,0,no,no,no,no,yes,4,3
594,2,2,0,no,no,no,yes,yes,3,5
595,1,1,0,no,yes,no,yes,yes,4,5
596,2,2,0,no,yes,no,no,yes,3,3
597,3,2,1,no,no,no,yes,no,3,3
598,2,1,0,no,yes,no,no,no,1,4
599,3,1,0,no,yes,yes,yes,yes,5,5
600,3,1,0,no,no,no,no,no,2,3
601,2,2,0,no,yes,no,no,yes,3,1
602,2,3,0,no,no,no,no,yes,4,5
603,1,2,0,no,no,no,yes,yes,3,1
604,3,2,1,no,no,no,no,no,4,2
605,2,1,1,no,no,no,no,no,5,5
606,2,4,0,no,no,no,no,yes,2,3
607,2,2,0,no,no,no,yes,yes,3,3
608,1,2,0,no,no,no,no,no,2,3
609,2,2,0,no,yes,no,no,no,1,1
610,2,2,3,no,yes,no,yes,no,5,4
611,2,3,0,no,no,no,no,yes,2,1
612,2,2,1,no,yes,yes,yes,yes,5,5
613,1,2,0,no,yes,no,no,no,3,4
614,2,2,0,no,yes,yes,yes,yes,3,3
615,2,2,0,no,no,no,no,no,2,3
616,2,1,0,no,no,no,no,yes,3,2
617,2,3,0,no,no,no,no,yes,3,2
618,3,2,0,no,no,no,no,no,3,4
619,2,2,0,no,yes,no,no,yes,3,2
620,1,2,0,no,yes,no,yes,yes,3,4
621,2,2,0,no,no,no,no,no,2,2
622,2,2,0,no,yes,yes,no,no,3,4
623,2,3,0,no,no,no,no,yes,2,2
624,3,1,1,no,yes,no,no,yes,2,1
625,2,1,0,no,yes,no,no,yes,2,3
626,3,2,0,no,yes,no,no,yes,2,2
627,3,1,0,no,yes,no,yes,yes,3,3
628,1,3,0,no,no,no,yes,no,4,3
629,1,1,0,no,no,no,yes,yes,5,5
630,2,3,0,no,no,no,no,yes,4,4
631,4,3,0,no,no,no,no,yes,3,2
632,2,2,1,no,yes,no,no,yes,3,3
633,1,2,0,no,no,no,yes,yes,4,3
634,1,2,0,no,no,no,no,yes,1,3
635,1,2,0,no,yes,no,yes,yes,5,4
636,1,2,0,no,no,no,yes,yes,2,4
637,2,1,0,no,no,no,yes,yes,4,3
638,2,2,0,no,no,no,yes,yes,4,3
639,2,1,1,no,no,no,no,no,3,2
640,2,1,1,no,no,yes,no,no,4,3
641,2,3,0,no,no,no,no,no,3,3
642,2,2,0,no,no,no,no,yes,5,4
643,3,1,0,no,yes,no,yes,yes,4,3
644,1,3,1,no,no,no,yes,yes,4,2
645,1,2,0,no,yes,no,no,yes,3,4
646,2,2,0,no,no,no,yes,no,1,1
647,2,1,0,no,no,no,no,yes,4,5
648,3,1,0,no,no,no,no,yes,4,1
